event_id,user_id,start_datetime,end_datetime,title,event_type,location,importance_1_5,recurring_id,notes
E00001,U001,2025-08-22 11:00:00,2025-08-22T20:00:00,Work shift,Work,BPO Office,5,U001_WORK,
E00002,U001,2025-08-25 11:00:00,2025-08-25T20:00:00,Work shift,Work,BPO Office,5,U001_WORK,
E00003,U001,2025-08-26 11:00:00,2025-08-26T20:00:00,Work shift,Work,BPO Office,5,U001_WORK,
E00004,U001,2025-08-27 11:00:00,2025-08-27T20:00:00,Work shift,Work,BPO Office,5,U001_WORK,
E00005,U001,2025-08-28 11:00:00,2025-08-28T20:00:00,Work shift,Work,BPO Office,5,U001_WORK,
E00006,U001,2025-08-29 11:00:00,2025-08-29T20:00:00,Work shift,Work,BPO Office,5,U001_WORK,
E00007,U001,2025-09-01 11:00:00,2025-09-01T20:00:00,Work shift,Work,BPO Office,5,U001_WORK,
E00008,U001,2025-09-02 11:00:00,2025-09-02T20:00:00,Work shift,Work,BPO Office,5,U001_WORK,
E00009,U001,2025-09-03 11:00:00,2025-09-03T20:00:00,Work shift,Work,BPO Office,5,U001_WORK,
E00010,U001,2025-09-04 11:00:00,2025-09-04T20:00:00,Work shift,Work,BPO Office,5,U001_WORK,
E00011,U001,2025-09-05 11:00:00,2025-09-05T20:00:00,Work shift,Work,BPO Office,5,U001_WORK,
E00012,U001,2025-09-05 10:00:00,2025-09-05T10:15:00,Pay rent,Finance,,5,,Auto-reminder; suggest paying before lunch.
E00013,U001,2025-09-08 11:00:00,2025-09-08T20:00:00,Work shift,Work,BPO Office,5,U001_WORK,
E00014,U001,2025-09-09 11:00:00,2025-09-09T20:00:00,Work shift,Work,BPO Office,5,U001_WORK,
E00015,U001,2025-09-10 11:00:00,2025-09-10T20:00:00,Work shift,Work,BPO Office,5,U001_WORK,
E00016,U001,2025-09-11 11:00:00,2025-09-11T20:00:00,Work shift,Work,BPO Office,5,U001_WORK,
E00017,U001,2025-09-12 11:00:00,2025-09-12T20:00:00,Work shift,Work,BPO Office,5,U001_WORK,
E00018,U001,2025-09-12 10:00:00,2025-09-12T10:15:00,Credit card due,Finance,,5,,Check statement; avoid minimum-only.
E00019,U001,2025-09-15 11:00:00,2025-09-15T20:00:00,Work shift,Work,BPO Office,5,U001_WORK,
E00020,U001,2025-09-16 11:00:00,2025-09-16T20:00:00,Work shift,Work,BPO Office,5,U001_WORK,
E00021,U001,2025-09-17 11:00:00,2025-09-17T20:00:00,Work shift,Work,BPO Office,5,U001_WORK,
E00022,U001,2025-09-18 11:00:00,2025-09-18T20:00:00,Work shift,Work,BPO Office,5,U001_WORK,
E00023,U001,2025-09-19 11:00:00,2025-09-19T20:00:00,Work shift,Work,BPO Office,5,U001_WORK,
E00024,U001,2025-09-22 11:00:00,2025-09-22T20:00:00,Work shift,Work,BPO Office,5,U001_WORK,
E00025,U001,2025-09-23 11:00:00,2025-09-23T20:00:00,Work shift,Work,BPO Office,5,U001_WORK,
E00026,U001,2025-09-24 11:00:00,2025-09-24T20:00:00,Work shift,Work,BPO Office,5,U001_WORK,
E00027,U001,2025-09-25 11:00:00,2025-09-25T20:00:00,Work shift,Work,BPO Office,5,U001_WORK,
E00028,U001,2025-09-26 11:00:00,2025-09-26T20:00:00,Work shift,Work,BPO Office,5,U001_WORK,
E00029,U001,2025-09-29 11:00:00,2025-09-29T20:00:00,Work shift,Work,BPO Office,5,U001_WORK,
E00030,U001,2025-09-30 11:00:00,2025-09-30T20:00:00,Work shift,Work,BPO Office,5,U001_WORK,
E00031,U001,2025-10-01 14:00:00,2025-10-01T23:00:00,Work shift (late),Work,BPO Office,5,U001_WORK_LATE_OCT,
E00032,U001,2025-10-02 14:00:00,2025-10-02T23:00:00,Work shift (late),Work,BPO Office,5,U001_WORK_LATE_OCT,
E00033,U001,2025-10-03 14:00:00,2025-10-03T23:00:00,Work shift (late),Work,BPO Office,5,U001_WORK_LATE_OCT,
E00034,U001,2025-10-05 10:00:00,2025-10-05T10:15:00,Pay rent,Finance,,5,,Auto-reminder; suggest paying before lunch.
E00035,U001,2025-10-06 14:00:00,2025-10-06T23:00:00,Work shift (late),Work,BPO Office,5,U001_WORK_LATE_OCT,
E00036,U001,2025-10-07 14:00:00,2025-10-07T23:00:00,Work shift (late),Work,BPO Office,5,U001_WORK_LATE_OCT,
E00037,U001,2025-10-08 14:00:00,2025-10-08T23:00:00,Work shift (late),Work,BPO Office,5,U001_WORK_LATE_OCT,
E00038,U001,2025-10-09 14:00:00,2025-10-09T23:00:00,Work shift (late),Work,BPO Office,5,U001_WORK_LATE_OCT,
E00039,U001,2025-10-10 14:00:00,2025-10-10T23:00:00,Work shift (late),Work,BPO Office,5,U001_WORK_LATE_OCT,
E00040,U001,2025-10-12 10:00:00,2025-10-12T10:15:00,Credit card due,Finance,,5,,Check statement; avoid minimum-only.
E00041,U001,2025-10-13 14:00:00,2025-10-13T23:00:00,Work shift (late),Work,BPO Office,5,U001_WORK_LATE_OCT,
E00042,U001,2025-10-14 14:00:00,2025-10-14T23:00:00,Work shift (late),Work,BPO Office,5,U001_WORK_LATE_OCT,
E00043,U001,2025-10-15 14:00:00,2025-10-15T23:00:00,Work shift (late),Work,BPO Office,5,U001_WORK_LATE_OCT,
E00044,U001,2025-10-16 14:00:00,2025-10-16T23:00:00,Work shift (late),Work,BPO Office,5,U001_WORK_LATE_OCT,
E00045,U001,2025-10-17 14:00:00,2025-10-17T23:00:00,Work shift (late),Work,BPO Office,5,U001_WORK_LATE_OCT,
E00046,U001,2025-10-20 14:00:00,2025-10-20T23:00:00,Work shift (late),Work,BPO Office,5,U001_WORK_LATE_OCT,
E00047,U001,2025-10-21 11:00:00,2025-10-21T20:00:00,Work shift,Work,BPO Office,5,U001_WORK,
E00048,U001,2025-10-22 11:00:00,2025-10-22T20:00:00,Work shift,Work,BPO Office,5,U001_WORK,
E00049,U001,2025-10-23 11:00:00,2025-10-23T20:00:00,Work shift,Work,BPO Office,5,U001_WORK,
E00050,U001,2025-10-24 11:00:00,2025-10-24T20:00:00,Work shift,Work,BPO Office,5,U001_WORK,
E00051,U001,2025-10-27 11:00:00,2025-10-27T20:00:00,Work shift,Work,BPO Office,5,U001_WORK,
E00052,U001,2025-10-28 11:00:00,2025-10-28T20:00:00,Work shift,Work,BPO Office,5,U001_WORK,
E00053,U001,2025-10-29 11:00:00,2025-10-29T20:00:00,Work shift,Work,BPO Office,5,U001_WORK,
E00054,U001,2025-10-30 11:00:00,2025-10-30T20:00:00,Work shift,Work,BPO Office,5,U001_WORK,
E00055,U001,2025-10-31 11:00:00,2025-10-31T20:00:00,Work shift,Work,BPO Office,5,U001_WORK,
E00056,U001,2025-11-03 11:00:00,2025-11-03T20:00:00,Work shift,Work,BPO Office,5,U001_WORK,
E00057,U001,2025-11-04 11:00:00,2025-11-04T20:00:00,Work shift,Work,BPO Office,5,U001_WORK,
E00058,U001,2025-11-05 11:00:00,2025-11-05T20:00:00,Work shift,Work,BPO Office,5,U001_WORK,
E00059,U001,2025-11-05 10:00:00,2025-11-05T10:15:00,Pay rent,Finance,,5,,Auto-reminder; suggest paying before lunch.
E00060,U001,2025-11-06 11:00:00,2025-11-06T20:00:00,Work shift,Work,BPO Office,5,U001_WORK,
E00061,U001,2025-11-07 11:00:00,2025-11-07T20:00:00,Work shift,Work,BPO Office,5,U001_WORK,
E00062,U001,2025-11-10 11:00:00,2025-11-10T20:00:00,Work shift,Work,BPO Office,5,U001_WORK,
E00063,U001,2025-11-11 11:00:00,2025-11-11T20:00:00,Work shift,Work,BPO Office,5,U001_WORK,
E00064,U001,2025-11-12 11:00:00,2025-11-12T20:00:00,Work shift,Work,BPO Office,5,U001_WORK,
E00065,U001,2025-11-12 10:00:00,2025-11-12T10:15:00,Credit card due,Finance,,5,,Check statement; avoid minimum-only.
E00066,U001,2025-11-13 11:00:00,2025-11-13T20:00:00,Work shift,Work,BPO Office,5,U001_WORK,
E00067,U001,2025-11-14 11:00:00,2025-11-14T20:00:00,Work shift,Work,BPO Office,5,U001_WORK,
E00068,U001,2025-11-17 11:00:00,2025-11-17T20:00:00,Work shift,Work,BPO Office,5,U001_WORK,
E00069,U001,2025-11-18 11:00:00,2025-11-18T20:00:00,Work shift,Work,BPO Office,5,U001_WORK,
E00070,U001,2025-11-19 11:00:00,2025-11-19T20:00:00,Work shift,Work,BPO Office,5,U001_WORK,
E00071,U001,2025-11-20 11:00:00,2025-11-20T20:00:00,Work shift,Work,BPO Office,5,U001_WORK,
E00072,U001,2025-11-21 11:00:00,2025-11-21T20:00:00,Work shift,Work,BPO Office,5,U001_WORK,
E00073,U001,2025-11-24 11:00:00,2025-11-24T20:00:00,Work shift,Work,BPO Office,5,U001_WORK,
E00074,U001,2025-11-25 11:00:00,2025-11-25T20:00:00,Work shift,Work,BPO Office,5,U001_WORK,
E00075,U001,2025-11-26 11:00:00,2025-11-26T20:00:00,Work shift,Work,BPO Office,5,U001_WORK,
E00076,U001,2025-11-27 11:00:00,2025-11-27T20:00:00,Work shift,Work,BPO Office,5,U001_WORK,
E00077,U001,2025-11-28 11:00:00,2025-11-28T20:00:00,Work shift,Work,BPO Office,5,U001_WORK,
E00078,U001,2025-12-01 11:00:00,2025-12-01T20:00:00,Work shift,Work,BPO Office,5,U001_WORK,
E00079,U001,2025-12-02 11:00:00,2025-12-02T20:00:00,Work shift,Work,BPO Office,5,U001_WORK,
E00080,U001,2025-12-03 11:00:00,2025-12-03T20:00:00,Work shift,Work,BPO Office,5,U001_WORK,
E00081,U001,2025-12-04 11:00:00,2025-12-04T20:00:00,Work shift,Work,BPO Office,5,U001_WORK,
E00082,U001,2025-12-05 11:00:00,2025-12-05T20:00:00,Work shift,Work,BPO Office,5,U001_WORK,
E00083,U001,2025-12-05 10:00:00,2025-12-05T10:15:00,Pay rent,Finance,,5,,Auto-reminder; suggest paying before lunch.
E00084,U001,2025-12-08 11:00:00,2025-12-08T20:00:00,Work shift,Work,BPO Office,5,U001_WORK,
E00085,U001,2025-12-09 11:00:00,2025-12-09T20:00:00,Work shift,Work,BPO Office,5,U001_WORK,
E00086,U001,2025-12-10 11:00:00,2025-12-10T20:00:00,Work shift,Work,BPO Office,5,U001_WORK,
E00087,U001,2025-12-11 11:00:00,2025-12-11T20:00:00,Work shift,Work,BPO Office,5,U001_WORK,
E00088,U001,2025-12-12 11:00:00,2025-12-12T20:00:00,Work shift,Work,BPO Office,5,U001_WORK,
E00089,U001,2025-12-12 10:00:00,2025-12-12T10:15:00,Credit card due,Finance,,5,,Check statement; avoid minimum-only.
E00090,U001,2025-12-15 11:00:00,2025-12-15T20:00:00,Work shift,Work,BPO Office,5,U001_WORK,
E00091,U001,2025-12-16 11:00:00,2025-12-16T20:00:00,Work shift,Work,BPO Office,5,U001_WORK,
E00092,U001,2025-12-17 11:00:00,2025-12-17T20:00:00,Work shift,Work,BPO Office,5,U001_WORK,
E00093,U001,2025-12-18 11:00:00,2025-12-18T20:00:00,Work shift,Work,BPO Office,5,U001_WORK,
E00094,U001,2025-12-19 11:00:00,2025-12-19T20:00:00,Work shift,Work,BPO Office,5,U001_WORK,
E00095,U001,2025-12-22 11:00:00,2025-12-22T20:00:00,Work shift,Work,BPO Office,5,U001_WORK,
E00096,U001,2025-12-23 11:00:00,2025-12-23T20:00:00,Work shift,Work,BPO Office,5,U001_WORK,
E00097,U001,2025-12-24 11:00:00,2025-12-24T20:00:00,Work shift,Work,BPO Office,5,U001_WORK,
E00098,U001,2025-12-25 11:00:00,2025-12-25T20:00:00,Work shift,Work,BPO Office,5,U001_WORK,
E00099,U001,2025-12-26 11:00:00,2025-12-26T20:00:00,Work shift,Work,BPO Office,5,U001_WORK,
E00100,U001,2025-12-29 11:00:00,2025-12-29T20:00:00,Work shift,Work,BPO Office,5,U001_WORK,
E00101,U001,2025-12-30 11:00:00,2025-12-30T20:00:00,Work shift,Work,BPO Office,5,U001_WORK,
E00102,U001,2025-12-31 11:00:00,2025-12-31T20:00:00,Work shift,Work,BPO Office,5,U001_WORK,
E00103,U001,2026-01-01 11:00:00,2026-01-01T20:00:00,Work shift,Work,BPO Office,5,U001_WORK,
E00104,U001,2026-01-02 11:00:00,2026-01-02T20:00:00,Work shift,Work,BPO Office,5,U001_WORK,
E00105,U001,2026-01-05 11:00:00,2026-01-05T20:00:00,Work shift,Work,BPO Office,5,U001_WORK,
E00106,U001,2026-01-05 10:00:00,2026-01-05T10:15:00,Pay rent,Finance,,5,,Auto-reminder; suggest paying before lunch.
E00107,U001,2026-01-06 11:00:00,2026-01-06T20:00:00,Work shift,Work,BPO Office,5,U001_WORK,
E00108,U001,2026-01-07 11:00:00,2026-01-07T20:00:00,Work shift,Work,BPO Office,5,U001_WORK,
E00109,U001,2026-01-08 11:00:00,2026-01-08T20:00:00,Work shift,Work,BPO Office,5,U001_WORK,
E00110,U001,2026-01-09 11:00:00,2026-01-09T20:00:00,Work shift,Work,BPO Office,5,U001_WORK,
E00111,U001,2026-01-12 11:00:00,2026-01-12T20:00:00,Work shift,Work,BPO Office,5,U001_WORK,
E00112,U001,2026-01-12 10:00:00,2026-01-12T10:15:00,Credit card due,Finance,,5,,Check statement; avoid minimum-only.
E00113,U001,2026-01-13 11:00:00,2026-01-13T20:00:00,Work shift,Work,BPO Office,5,U001_WORK,
E00114,U001,2026-01-14 11:00:00,2026-01-14T20:00:00,Work shift,Work,BPO Office,5,U001_WORK,
E00115,U001,2026-01-15 11:00:00,2026-01-15T20:00:00,Work shift,Work,BPO Office,5,U001_WORK,
E00116,U001,2026-01-16 11:00:00,2026-01-16T20:00:00,Work shift,Work,BPO Office,5,U001_WORK,
E00117,U001,2026-01-19 11:00:00,2026-01-19T20:00:00,Work shift,Work,BPO Office,5,U001_WORK,
E00118,U001,2026-01-20 11:00:00,2026-01-20T20:00:00,Work shift,Work,BPO Office,5,U001_WORK,
E00119,U001,2026-01-21 11:00:00,2026-01-21T20:00:00,Work shift,Work,BPO Office,5,U001_WORK,
E00120,U001,2026-01-22 11:00:00,2026-01-22T20:00:00,Work shift,Work,BPO Office,5,U001_WORK,
E00121,U001,2026-01-23 11:00:00,2026-01-23T20:00:00,Work shift,Work,BPO Office,5,U001_WORK,
E00122,U001,2026-01-26 11:00:00,2026-01-26T20:00:00,Work shift,Work,BPO Office,5,U001_WORK,
E00123,U001,2026-01-27 11:00:00,2026-01-27T20:00:00,Work shift,Work,BPO Office,5,U001_WORK,
E00124,U001,2026-01-28 11:00:00,2026-01-28T20:00:00,Work shift,Work,BPO Office,5,U001_WORK,
E00125,U001,2026-01-29 11:00:00,2026-01-29T20:00:00,Work shift,Work,BPO Office,5,U001_WORK,
E00126,U001,2026-01-30 11:00:00,2026-01-30T20:00:00,Work shift,Work,BPO Office,5,U001_WORK,
E00127,U001,2026-02-02 11:00:00,2026-02-02T20:00:00,Work shift,Work,BPO Office,5,U001_WORK,
E00128,U001,2026-02-03 11:00:00,2026-02-03T20:00:00,Work shift,Work,BPO Office,5,U001_WORK,
E00129,U001,2026-02-04 11:00:00,2026-02-04T20:00:00,Work shift,Work,BPO Office,5,U001_WORK,
E00130,U001,2026-02-05 11:00:00,2026-02-05T20:00:00,Work shift,Work,BPO Office,5,U001_WORK,
E00131,U001,2026-02-05 10:00:00,2026-02-05T10:15:00,Pay rent,Finance,,5,,Auto-reminder; suggest paying before lunch.
E00132,U001,2026-02-06 11:00:00,2026-02-06T20:00:00,Work shift,Work,BPO Office,5,U001_WORK,
E00133,U001,2026-02-09 11:00:00,2026-02-09T20:00:00,Work shift,Work,BPO Office,5,U001_WORK,
E00134,U001,2026-02-10 11:00:00,2026-02-10T20:00:00,Work shift,Work,BPO Office,5,U001_WORK,
E00135,U001,2026-02-11 11:00:00,2026-02-11T20:00:00,Work shift,Work,BPO Office,5,U001_WORK,
E00136,U001,2026-02-12 11:00:00,2026-02-12T20:00:00,Work shift,Work,BPO Office,5,U001_WORK,
E00137,U001,2026-02-12 10:00:00,2026-02-12T10:15:00,Credit card due,Finance,,5,,Check statement; avoid minimum-only.
E00138,U001,2026-02-13 11:00:00,2026-02-13T20:00:00,Work shift,Work,BPO Office,5,U001_WORK,
E00139,U001,2026-02-16 11:00:00,2026-02-16T20:00:00,Work shift,Work,BPO Office,5,U001_WORK,
E00140,U001,2026-02-17 11:00:00,2026-02-17T20:00:00,Work shift,Work,BPO Office,5,U001_WORK,
E00141,U001,2026-02-18 11:00:00,2026-02-18T20:00:00,Work shift,Work,BPO Office,5,U001_WORK,
E00142,U001,2026-02-19 11:00:00,2026-02-19T20:00:00,Work shift,Work,BPO Office,5,U001_WORK,
E00143,U001,2026-02-20 11:00:00,2026-02-20T20:00:00,Work shift,Work,BPO Office,5,U001_WORK,
E00144,U001,2025-08-02 19:00:00,2025-08-02T22:00:00,Catch-up with friends,Social,Cafe/Bar,3,,Prefer low-alcohol plan.
E00145,U001,2025-08-09 19:00:00,2025-08-09T22:00:00,Catch-up with friends,Social,Cafe/Bar,3,,Prefer low-alcohol plan.
E00146,U001,2025-09-06 19:00:00,2025-09-06T22:00:00,Catch-up with friends,Social,Cafe/Bar,3,,Prefer low-alcohol plan.
E00147,U001,2025-09-13 19:00:00,2025-09-13T22:00:00,Catch-up with friends,Social,Cafe/Bar,3,,Prefer low-alcohol plan.
E00148,U001,2025-10-04 19:00:00,2025-10-04T22:00:00,Catch-up with friends,Social,Cafe/Bar,3,,Prefer low-alcohol plan.
E00149,U001,2025-10-11 19:00:00,2025-10-11T22:00:00,Catch-up with friends,Social,Cafe/Bar,3,,Prefer low-alcohol plan.
E00150,U001,2025-11-01 19:00:00,2025-11-01T22:00:00,Catch-up with friends,Social,Cafe/Bar,3,,Prefer low-alcohol plan.
E00151,U001,2025-11-08 19:00:00,2025-11-08T22:00:00,Catch-up with friends,Social,Cafe/Bar,3,,Prefer low-alcohol plan.
E00152,U001,2025-12-06 19:00:00,2025-12-06T22:00:00,Catch-up with friends,Social,Cafe/Bar,3,,Prefer low-alcohol plan.
E00153,U001,2025-12-13 19:00:00,2025-12-13T22:00:00,Catch-up with friends,Social,Cafe/Bar,3,,Prefer low-alcohol plan.
E00154,U001,2026-01-03 19:00:00,2026-01-03T22:00:00,Catch-up with friends,Social,Cafe/Bar,3,,Prefer low-alcohol plan.
E00155,U001,2026-01-10 19:00:00,2026-01-10T22:00:00,Catch-up with friends,Social,Cafe/Bar,3,,Prefer low-alcohol plan.
E00156,U001,2026-02-07 19:00:00,2026-02-07T22:00:00,Catch-up with friends,Social,Cafe/Bar,3,,Prefer low-alcohol plan.
E00157,U001,2026-02-14 19:00:00,2026-02-14T22:00:00,Catch-up with friends,Social,Cafe/Bar,3,,Prefer low-alcohol plan.
E00158,U001,2025-11-06 18:30:00,2025-11-06T19:15:00,Counseling session,Health,Online,4,,Keep private; Nadiaura preps talking points.
E00159,U001,2026-01-16 18:30:00,2026-01-16T19:15:00,Counseling session,Health,Online,4,,Keep private; Nadiaura preps talking points.
E00160,U002,2025-08-22 08:00:00,2025-08-22T08:15:00,Vitals check (BP/Sugar),Health,Nurse station,5,U002_VITALS,
E00161,U002,2025-08-24 19:00:00,2025-08-24T19:30:00,Grandchildren video call,Family,,5,U002_GRANDKIDS_CALL,
E00162,U002,2025-08-25 08:00:00,2025-08-25T08:15:00,Vitals check (BP/Sugar),Health,Nurse station,5,U002_VITALS,
E00163,U002,2025-08-26 07:00:00,2025-08-26T07:45:00,Gentle yoga / physio,Wellness,Community hall,4,U002_YOGA,
E00164,U002,2025-08-27 08:00:00,2025-08-27T08:15:00,Vitals check (BP/Sugar),Health,Nurse station,5,U002_VITALS,
E00165,U002,2025-08-27 16:00:00,2025-08-27T17:00:00,Book club,Community,Library,3,U002_BOOKCLUB,
E00166,U002,2025-08-28 07:00:00,2025-08-28T07:45:00,Gentle yoga / physio,Wellness,Community hall,4,U002_YOGA,
E00167,U002,2025-08-29 08:00:00,2025-08-29T08:15:00,Vitals check (BP/Sugar),Health,Nurse station,5,U002_VITALS,
E00168,U002,2025-08-31 19:00:00,2025-08-31T19:30:00,Grandchildren video call,Family,,5,U002_GRANDKIDS_CALL,
E00169,U002,2025-09-01 08:00:00,2025-09-01T08:15:00,Vitals check (BP/Sugar),Health,Nurse station,5,U002_VITALS,
E00170,U002,2025-09-02 07:00:00,2025-09-02T07:45:00,Gentle yoga / physio,Wellness,Community hall,4,U002_YOGA,
E00171,U002,2025-09-03 08:00:00,2025-09-03T08:15:00,Vitals check (BP/Sugar),Health,Nurse station,5,U002_VITALS,
E00172,U002,2025-09-03 16:00:00,2025-09-03T17:00:00,Book club,Community,Library,3,U002_BOOKCLUB,
E00173,U002,2025-09-04 07:00:00,2025-09-04T07:45:00,Gentle yoga / physio,Wellness,Community hall,4,U002_YOGA,
E00174,U002,2025-09-05 08:00:00,2025-09-05T08:15:00,Vitals check (BP/Sugar),Health,Nurse station,5,U002_VITALS,
E00175,U002,2025-09-07 19:00:00,2025-09-07T19:30:00,Grandchildren video call,Family,,5,U002_GRANDKIDS_CALL,
E00176,U002,2025-09-08 08:00:00,2025-09-08T08:15:00,Vitals check (BP/Sugar),Health,Nurse station,5,U002_VITALS,
E00177,U002,2025-09-09 07:00:00,2025-09-09T07:45:00,Gentle yoga / physio,Wellness,Community hall,4,U002_YOGA,
E00178,U002,2025-09-10 08:00:00,2025-09-10T08:15:00,Vitals check (BP/Sugar),Health,Nurse station,5,U002_VITALS,
E00179,U002,2025-09-10 16:00:00,2025-09-10T17:00:00,Book club,Community,Library,3,U002_BOOKCLUB,
E00180,U002,2025-09-11 07:00:00,2025-09-11T07:45:00,Gentle yoga / physio,Wellness,Community hall,4,U002_YOGA,
E00181,U002,2025-09-12 08:00:00,2025-09-12T08:15:00,Vitals check (BP/Sugar),Health,Nurse station,5,U002_VITALS,
E00182,U002,2025-09-14 19:00:00,2025-09-14T19:30:00,Grandchildren video call,Family,,5,U002_GRANDKIDS_CALL,
E00183,U002,2025-09-15 08:00:00,2025-09-15T08:15:00,Vitals check (BP/Sugar),Health,Nurse station,5,U002_VITALS,
E00184,U002,2025-09-16 07:00:00,2025-09-16T07:45:00,Gentle yoga / physio,Wellness,Community hall,4,U002_YOGA,
E00185,U002,2025-09-17 08:00:00,2025-09-17T08:15:00,Vitals check (BP/Sugar),Health,Nurse station,5,U002_VITALS,
E00186,U002,2025-09-17 16:00:00,2025-09-17T17:00:00,Book club,Community,Library,3,U002_BOOKCLUB,
E00187,U002,2025-09-18 07:00:00,2025-09-18T07:45:00,Gentle yoga / physio,Wellness,Community hall,4,U002_YOGA,
E00188,U002,2025-09-19 08:00:00,2025-09-19T08:15:00,Vitals check (BP/Sugar),Health,Nurse station,5,U002_VITALS,
E00189,U002,2025-09-21 19:00:00,2025-09-21T19:30:00,Grandchildren video call,Family,,5,U002_GRANDKIDS_CALL,
E00190,U002,2025-09-22 08:00:00,2025-09-22T08:15:00,Vitals check (BP/Sugar),Health,Nurse station,5,U002_VITALS,
E00191,U002,2025-09-23 07:00:00,2025-09-23T07:45:00,Gentle yoga / physio,Wellness,Community hall,4,U002_YOGA,
E00192,U002,2025-09-24 08:00:00,2025-09-24T08:15:00,Vitals check (BP/Sugar),Health,Nurse station,5,U002_VITALS,
E00193,U002,2025-09-24 16:00:00,2025-09-24T17:00:00,Book club,Community,Library,3,U002_BOOKCLUB,
E00194,U002,2025-09-25 07:00:00,2025-09-25T07:45:00,Gentle yoga / physio,Wellness,Community hall,4,U002_YOGA,
E00195,U002,2025-09-26 08:00:00,2025-09-26T08:15:00,Vitals check (BP/Sugar),Health,Nurse station,5,U002_VITALS,
E00196,U002,2025-09-28 19:00:00,2025-09-28T19:30:00,Grandchildren video call,Family,,5,U002_GRANDKIDS_CALL,
E00197,U002,2025-09-29 08:00:00,2025-09-29T08:15:00,Vitals check (BP/Sugar),Health,Nurse station,5,U002_VITALS,
E00198,U002,2025-09-30 07:00:00,2025-09-30T07:45:00,Gentle yoga / physio,Wellness,Community hall,4,U002_YOGA,
E00199,U002,2025-10-01 08:00:00,2025-10-01T08:15:00,Vitals check (BP/Sugar),Health,Nurse station,5,U002_VITALS,
E00200,U002,2025-10-01 16:00:00,2025-10-01T17:00:00,Book club,Community,Library,3,U002_BOOKCLUB,
E00201,U002,2025-10-02 07:00:00,2025-10-02T07:45:00,Gentle yoga / physio,Wellness,Community hall,4,U002_YOGA,
E00202,U002,2025-10-03 08:00:00,2025-10-03T08:15:00,Vitals check (BP/Sugar),Health,Nurse station,5,U002_VITALS,
E00203,U002,2025-10-05 19:00:00,2025-10-05T19:30:00,Grandchildren video call,Family,,5,U002_GRANDKIDS_CALL,
E00204,U002,2025-10-06 08:00:00,2025-10-06T08:15:00,Vitals check (BP/Sugar),Health,Nurse station,5,U002_VITALS,
E00205,U002,2025-10-07 07:00:00,2025-10-07T07:45:00,Gentle yoga / physio,Wellness,Community hall,4,U002_YOGA,
E00206,U002,2025-10-08 08:00:00,2025-10-08T08:15:00,Vitals check (BP/Sugar),Health,Nurse station,5,U002_VITALS,
E00207,U002,2025-10-08 16:00:00,2025-10-08T17:00:00,Book club,Community,Library,3,U002_BOOKCLUB,
E00208,U002,2025-10-09 07:00:00,2025-10-09T07:45:00,Gentle yoga / physio,Wellness,Community hall,4,U002_YOGA,
E00209,U002,2025-10-10 08:00:00,2025-10-10T08:15:00,Vitals check (BP/Sugar),Health,Nurse station,5,U002_VITALS,
E00210,U002,2025-10-12 19:00:00,2025-10-12T19:30:00,Grandchildren video call,Family,,5,U002_GRANDKIDS_CALL,
E00211,U002,2025-10-13 08:00:00,2025-10-13T08:15:00,Vitals check (BP/Sugar),Health,Nurse station,5,U002_VITALS,
E00212,U002,2025-10-14 07:00:00,2025-10-14T07:45:00,Gentle yoga / physio,Wellness,Community hall,4,U002_YOGA,
E00213,U002,2025-10-15 08:00:00,2025-10-15T08:15:00,Vitals check (BP/Sugar),Health,Nurse station,5,U002_VITALS,
E00214,U002,2025-10-15 16:00:00,2025-10-15T17:00:00,Book club,Community,Library,3,U002_BOOKCLUB,
E00215,U002,2025-10-16 07:00:00,2025-10-16T07:45:00,Gentle yoga / physio,Wellness,Community hall,4,U002_YOGA,
E00216,U002,2025-10-17 08:00:00,2025-10-17T08:15:00,Vitals check (BP/Sugar),Health,Nurse station,5,U002_VITALS,
E00217,U002,2025-10-19 19:00:00,2025-10-19T19:30:00,Grandchildren video call,Family,,5,U002_GRANDKIDS_CALL,
E00218,U002,2025-10-20 08:00:00,2025-10-20T08:15:00,Vitals check (BP/Sugar),Health,Nurse station,5,U002_VITALS,
E00219,U002,2025-10-21 07:00:00,2025-10-21T07:45:00,Gentle yoga / physio,Wellness,Community hall,4,U002_YOGA,
E00220,U002,2025-10-22 08:00:00,2025-10-22T08:15:00,Vitals check (BP/Sugar),Health,Nurse station,5,U002_VITALS,
E00221,U002,2025-10-22 16:00:00,2025-10-22T17:00:00,Book club,Community,Library,3,U002_BOOKCLUB,
E00222,U002,2025-10-23 07:00:00,2025-10-23T07:45:00,Gentle yoga / physio,Wellness,Community hall,4,U002_YOGA,
E00223,U002,2025-10-24 08:00:00,2025-10-24T08:15:00,Vitals check (BP/Sugar),Health,Nurse station,5,U002_VITALS,
E00224,U002,2025-10-26 19:00:00,2025-10-26T19:30:00,Grandchildren video call,Family,,5,U002_GRANDKIDS_CALL,
E00225,U002,2025-10-27 08:00:00,2025-10-27T08:15:00,Vitals check (BP/Sugar),Health,Nurse station,5,U002_VITALS,
E00226,U002,2025-10-28 07:00:00,2025-10-28T07:45:00,Gentle yoga / physio,Wellness,Community hall,4,U002_YOGA,
E00227,U002,2025-10-29 08:00:00,2025-10-29T08:15:00,Vitals check (BP/Sugar),Health,Nurse station,5,U002_VITALS,
E00228,U002,2025-10-29 16:00:00,2025-10-29T17:00:00,Book club,Community,Library,3,U002_BOOKCLUB,
E00229,U002,2025-10-30 07:00:00,2025-10-30T07:45:00,Gentle yoga / physio,Wellness,Community hall,4,U002_YOGA,
E00230,U002,2025-10-31 08:00:00,2025-10-31T08:15:00,Vitals check (BP/Sugar),Health,Nurse station,5,U002_VITALS,
E00231,U002,2025-11-02 19:00:00,2025-11-02T19:30:00,Grandchildren video call,Family,,5,U002_GRANDKIDS_CALL,
E00232,U002,2025-11-03 08:00:00,2025-11-03T08:15:00,Vitals check (BP/Sugar),Health,Nurse station,5,U002_VITALS,
E00233,U002,2025-11-04 07:00:00,2025-11-04T07:45:00,Gentle yoga / physio,Wellness,Community hall,4,U002_YOGA,
E00234,U002,2025-11-05 08:00:00,2025-11-05T08:15:00,Vitals check (BP/Sugar),Health,Nurse station,5,U002_VITALS,
E00235,U002,2025-11-05 16:00:00,2025-11-05T17:00:00,Book club,Community,Library,3,U002_BOOKCLUB,
E00236,U002,2025-11-06 07:00:00,2025-11-06T07:45:00,Gentle yoga / physio,Wellness,Community hall,4,U002_YOGA,
E00237,U002,2025-11-07 08:00:00,2025-11-07T08:15:00,Vitals check (BP/Sugar),Health,Nurse station,5,U002_VITALS,
E00238,U002,2025-11-09 19:00:00,2025-11-09T19:30:00,Grandchildren video call,Family,,5,U002_GRANDKIDS_CALL,
E00239,U002,2025-11-10 08:00:00,2025-11-10T08:15:00,Vitals check (BP/Sugar),Health,Nurse station,5,U002_VITALS,
E00240,U002,2025-11-11 07:00:00,2025-11-11T07:45:00,Gentle yoga / physio,Wellness,Community hall,4,U002_YOGA,
E00241,U002,2025-11-12 08:00:00,2025-11-12T08:15:00,Vitals check (BP/Sugar),Health,Nurse station,5,U002_VITALS,
E00242,U002,2025-11-12 16:00:00,2025-11-12T17:00:00,Book club,Community,Library,3,U002_BOOKCLUB,
E00243,U002,2025-11-13 07:00:00,2025-11-13T07:45:00,Gentle yoga / physio,Wellness,Community hall,4,U002_YOGA,
E00244,U002,2025-11-14 08:00:00,2025-11-14T08:15:00,Vitals check (BP/Sugar),Health,Nurse station,5,U002_VITALS,
E00245,U002,2025-11-16 19:00:00,2025-11-16T19:30:00,Grandchildren video call,Family,,5,U002_GRANDKIDS_CALL,
E00246,U002,2025-11-17 08:00:00,2025-11-17T08:15:00,Vitals check (BP/Sugar),Health,Nurse station,5,U002_VITALS,
E00247,U002,2025-11-18 07:00:00,2025-11-18T07:45:00,Gentle yoga / physio,Wellness,Community hall,4,U002_YOGA,
E00248,U002,2025-11-19 08:00:00,2025-11-19T08:15:00,Vitals check (BP/Sugar),Health,Nurse station,5,U002_VITALS,
E00249,U002,2025-11-19 16:00:00,2025-11-19T17:00:00,Book club,Community,Library,3,U002_BOOKCLUB,
E00250,U002,2025-11-20 07:00:00,2025-11-20T07:45:00,Gentle yoga / physio,Wellness,Community hall,4,U002_YOGA,
E00251,U002,2025-11-21 08:00:00,2025-11-21T08:15:00,Vitals check (BP/Sugar),Health,Nurse station,5,U002_VITALS,
E00252,U002,2025-11-23 19:00:00,2025-11-23T19:30:00,Grandchildren video call,Family,,5,U002_GRANDKIDS_CALL,
E00253,U002,2025-11-24 08:00:00,2025-11-24T08:15:00,Vitals check (BP/Sugar),Health,Nurse station,5,U002_VITALS,
E00254,U002,2025-11-25 07:00:00,2025-11-25T07:45:00,Gentle yoga / physio,Wellness,Community hall,4,U002_YOGA,
E00255,U002,2025-11-26 08:00:00,2025-11-26T08:15:00,Vitals check (BP/Sugar),Health,Nurse station,5,U002_VITALS,
E00256,U002,2025-11-26 16:00:00,2025-11-26T17:00:00,Book club,Community,Library,3,U002_BOOKCLUB,
E00257,U002,2025-11-27 07:00:00,2025-11-27T07:45:00,Gentle yoga / physio,Wellness,Community hall,4,U002_YOGA,
E00258,U002,2025-11-28 08:00:00,2025-11-28T08:15:00,Vitals check (BP/Sugar),Health,Nurse station,5,U002_VITALS,
E00259,U002,2025-11-30 19:00:00,2025-11-30T19:30:00,Grandchildren video call,Family,,5,U002_GRANDKIDS_CALL,
E00260,U002,2025-12-01 08:00:00,2025-12-01T08:15:00,Vitals check (BP/Sugar),Health,Nurse station,5,U002_VITALS,
E00261,U002,2025-12-02 07:00:00,2025-12-02T07:45:00,Gentle yoga / physio,Wellness,Community hall,4,U002_YOGA,
E00262,U002,2025-12-03 08:00:00,2025-12-03T08:15:00,Vitals check (BP/Sugar),Health,Nurse station,5,U002_VITALS,
E00263,U002,2025-12-03 16:00:00,2025-12-03T17:00:00,Book club,Community,Library,3,U002_BOOKCLUB,
E00264,U002,2025-12-04 07:00:00,2025-12-04T07:45:00,Gentle yoga / physio,Wellness,Community hall,4,U002_YOGA,
E00265,U002,2025-12-05 08:00:00,2025-12-05T08:15:00,Vitals check (BP/Sugar),Health,Nurse station,5,U002_VITALS,
E00266,U002,2025-12-07 19:00:00,2025-12-07T19:30:00,Grandchildren video call,Family,,5,U002_GRANDKIDS_CALL,
E00267,U002,2025-12-08 08:00:00,2025-12-08T08:15:00,Vitals check (BP/Sugar),Health,Nurse station,5,U002_VITALS,
E00268,U002,2025-12-09 07:00:00,2025-12-09T07:45:00,Gentle yoga / physio,Wellness,Community hall,4,U002_YOGA,
E00269,U002,2025-12-10 08:00:00,2025-12-10T08:15:00,Vitals check (BP/Sugar),Health,Nurse station,5,U002_VITALS,
E00270,U002,2025-12-10 16:00:00,2025-12-10T17:00:00,Book club,Community,Library,3,U002_BOOKCLUB,
E00271,U002,2025-12-11 07:00:00,2025-12-11T07:45:00,Gentle yoga / physio,Wellness,Community hall,4,U002_YOGA,
E00272,U002,2025-12-12 08:00:00,2025-12-12T08:15:00,Vitals check (BP/Sugar),Health,Nurse station,5,U002_VITALS,
E00273,U002,2025-12-14 19:00:00,2025-12-14T19:30:00,Grandchildren video call,Family,,5,U002_GRANDKIDS_CALL,
E00274,U002,2025-12-15 08:00:00,2025-12-15T08:15:00,Vitals check (BP/Sugar),Health,Nurse station,5,U002_VITALS,
E00275,U002,2025-12-16 07:00:00,2025-12-16T07:45:00,Gentle yoga / physio,Wellness,Community hall,4,U002_YOGA,
E00276,U002,2025-12-17 08:00:00,2025-12-17T08:15:00,Vitals check (BP/Sugar),Health,Nurse station,5,U002_VITALS,
E00277,U002,2025-12-17 16:00:00,2025-12-17T17:00:00,Book club,Community,Library,3,U002_BOOKCLUB,
E00278,U002,2025-12-18 07:00:00,2025-12-18T07:45:00,Gentle yoga / physio,Wellness,Community hall,4,U002_YOGA,
E00279,U002,2025-12-19 08:00:00,2025-12-19T08:15:00,Vitals check (BP/Sugar),Health,Nurse station,5,U002_VITALS,
E00280,U002,2025-12-21 19:00:00,2025-12-21T19:30:00,Grandchildren video call,Family,,5,U002_GRANDKIDS_CALL,
E00281,U002,2025-12-22 08:00:00,2025-12-22T08:15:00,Vitals check (BP/Sugar),Health,Nurse station,5,U002_VITALS,
E00282,U002,2025-12-23 07:00:00,2025-12-23T07:45:00,Gentle yoga / physio,Wellness,Community hall,4,U002_YOGA,
E00283,U002,2025-12-24 08:00:00,2025-12-24T08:15:00,Vitals check (BP/Sugar),Health,Nurse station,5,U002_VITALS,
E00284,U002,2025-12-24 16:00:00,2025-12-24T17:00:00,Book club,Community,Library,3,U002_BOOKCLUB,
E00285,U002,2025-12-25 07:00:00,2025-12-25T07:45:00,Gentle yoga / physio,Wellness,Community hall,4,U002_YOGA,
E00286,U002,2025-12-26 08:00:00,2025-12-26T08:15:00,Vitals check (BP/Sugar),Health,Nurse station,5,U002_VITALS,
E00287,U002,2025-12-28 19:00:00,2025-12-28T19:30:00,Grandchildren video call,Family,,5,U002_GRANDKIDS_CALL,
E00288,U002,2025-12-29 08:00:00,2025-12-29T08:15:00,Vitals check (BP/Sugar),Health,Nurse station,5,U002_VITALS,
E00289,U002,2025-12-30 07:00:00,2025-12-30T07:45:00,Gentle yoga / physio,Wellness,Community hall,4,U002_YOGA,
E00290,U002,2025-12-31 08:00:00,2025-12-31T08:15:00,Vitals check (BP/Sugar),Health,Nurse station,5,U002_VITALS,
E00291,U002,2025-12-31 16:00:00,2025-12-31T17:00:00,Book club,Community,Library,3,U002_BOOKCLUB,
E00292,U002,2026-01-01 07:00:00,2026-01-01T07:45:00,Gentle yoga / physio,Wellness,Community hall,4,U002_YOGA,
E00293,U002,2026-01-02 08:00:00,2026-01-02T08:15:00,Vitals check (BP/Sugar),Health,Nurse station,5,U002_VITALS,
E00294,U002,2026-01-04 19:00:00,2026-01-04T19:30:00,Grandchildren video call,Family,,5,U002_GRANDKIDS_CALL,
E00295,U002,2026-01-05 08:00:00,2026-01-05T08:15:00,Vitals check (BP/Sugar),Health,Nurse station,5,U002_VITALS,
E00296,U002,2026-01-06 07:00:00,2026-01-06T07:45:00,Gentle yoga / physio,Wellness,Community hall,4,U002_YOGA,
E00297,U002,2026-01-07 08:00:00,2026-01-07T08:15:00,Vitals check (BP/Sugar),Health,Nurse station,5,U002_VITALS,
E00298,U002,2026-01-07 16:00:00,2026-01-07T17:00:00,Book club,Community,Library,3,U002_BOOKCLUB,
E00299,U002,2026-01-08 07:00:00,2026-01-08T07:45:00,Gentle yoga / physio,Wellness,Community hall,4,U002_YOGA,
E00300,U002,2026-01-09 08:00:00,2026-01-09T08:15:00,Vitals check (BP/Sugar),Health,Nurse station,5,U002_VITALS,
E00301,U002,2026-01-11 19:00:00,2026-01-11T19:30:00,Grandchildren video call,Family,,5,U002_GRANDKIDS_CALL,
E00302,U002,2026-01-12 08:00:00,2026-01-12T08:15:00,Vitals check (BP/Sugar),Health,Nurse station,5,U002_VITALS,
E00303,U002,2026-01-13 07:00:00,2026-01-13T07:45:00,Gentle yoga / physio,Wellness,Community hall,4,U002_YOGA,
E00304,U002,2026-01-14 08:00:00,2026-01-14T08:15:00,Vitals check (BP/Sugar),Health,Nurse station,5,U002_VITALS,
E00305,U002,2026-01-14 16:00:00,2026-01-14T17:00:00,Book club,Community,Library,3,U002_BOOKCLUB,
E00306,U002,2026-01-15 07:00:00,2026-01-15T07:45:00,Gentle yoga / physio,Wellness,Community hall,4,U002_YOGA,
E00307,U002,2026-01-16 08:00:00,2026-01-16T08:15:00,Vitals check (BP/Sugar),Health,Nurse station,5,U002_VITALS,
E00308,U002,2026-01-18 19:00:00,2026-01-18T19:30:00,Grandchildren video call,Family,,5,U002_GRANDKIDS_CALL,
E00309,U002,2026-01-19 08:00:00,2026-01-19T08:15:00,Vitals check (BP/Sugar),Health,Nurse station,5,U002_VITALS,
E00310,U002,2026-01-20 07:00:00,2026-01-20T07:45:00,Gentle yoga / physio,Wellness,Community hall,4,U002_YOGA,
E00311,U002,2026-01-21 08:00:00,2026-01-21T08:15:00,Vitals check (BP/Sugar),Health,Nurse station,5,U002_VITALS,
E00312,U002,2026-01-21 16:00:00,2026-01-21T17:00:00,Book club,Community,Library,3,U002_BOOKCLUB,
E00313,U002,2026-01-22 07:00:00,2026-01-22T07:45:00,Gentle yoga / physio,Wellness,Community hall,4,U002_YOGA,
E00314,U002,2026-01-23 08:00:00,2026-01-23T08:15:00,Vitals check (BP/Sugar),Health,Nurse station,5,U002_VITALS,
E00315,U002,2026-01-25 19:00:00,2026-01-25T19:30:00,Grandchildren video call,Family,,5,U002_GRANDKIDS_CALL,
E00316,U002,2026-01-26 08:00:00,2026-01-26T08:15:00,Vitals check (BP/Sugar),Health,Nurse station,5,U002_VITALS,
E00317,U002,2026-01-27 07:00:00,2026-01-27T07:45:00,Gentle yoga / physio,Wellness,Community hall,4,U002_YOGA,
E00318,U002,2026-01-28 08:00:00,2026-01-28T08:15:00,Vitals check (BP/Sugar),Health,Nurse station,5,U002_VITALS,
E00319,U002,2026-01-28 16:00:00,2026-01-28T17:00:00,Book club,Community,Library,3,U002_BOOKCLUB,
E00320,U002,2026-01-29 07:00:00,2026-01-29T07:45:00,Gentle yoga / physio,Wellness,Community hall,4,U002_YOGA,
E00321,U002,2026-01-30 08:00:00,2026-01-30T08:15:00,Vitals check (BP/Sugar),Health,Nurse station,5,U002_VITALS,
E00322,U002,2026-02-01 19:00:00,2026-02-01T19:30:00,Grandchildren video call,Family,,5,U002_GRANDKIDS_CALL,
E00323,U002,2026-02-02 08:00:00,2026-02-02T08:15:00,Vitals check (BP/Sugar),Health,Nurse station,5,U002_VITALS,
E00324,U002,2026-02-03 07:00:00,2026-02-03T07:45:00,Gentle yoga / physio,Wellness,Community hall,4,U002_YOGA,
E00325,U002,2026-02-04 08:00:00,2026-02-04T08:15:00,Vitals check (BP/Sugar),Health,Nurse station,5,U002_VITALS,
E00326,U002,2026-02-04 16:00:00,2026-02-04T17:00:00,Book club,Community,Library,3,U002_BOOKCLUB,
E00327,U002,2026-02-05 07:00:00,2026-02-05T07:45:00,Gentle yoga / physio,Wellness,Community hall,4,U002_YOGA,
E00328,U002,2026-02-06 08:00:00,2026-02-06T08:15:00,Vitals check (BP/Sugar),Health,Nurse station,5,U002_VITALS,
E00329,U002,2026-02-08 19:00:00,2026-02-08T19:30:00,Grandchildren video call,Family,,5,U002_GRANDKIDS_CALL,
E00330,U002,2026-02-09 08:00:00,2026-02-09T08:15:00,Vitals check (BP/Sugar),Health,Nurse station,5,U002_VITALS,
E00331,U002,2026-02-10 07:00:00,2026-02-10T07:45:00,Gentle yoga / physio,Wellness,Community hall,4,U002_YOGA,
E00332,U002,2026-02-11 08:00:00,2026-02-11T08:15:00,Vitals check (BP/Sugar),Health,Nurse station,5,U002_VITALS,
E00333,U002,2026-02-11 16:00:00,2026-02-11T17:00:00,Book club,Community,Library,3,U002_BOOKCLUB,
E00334,U002,2026-02-12 07:00:00,2026-02-12T07:45:00,Gentle yoga / physio,Wellness,Community hall,4,U002_YOGA,
E00335,U002,2026-02-13 08:00:00,2026-02-13T08:15:00,Vitals check (BP/Sugar),Health,Nurse station,5,U002_VITALS,
E00336,U002,2026-02-15 19:00:00,2026-02-15T19:30:00,Grandchildren video call,Family,,5,U002_GRANDKIDS_CALL,
E00337,U002,2026-02-16 08:00:00,2026-02-16T08:15:00,Vitals check (BP/Sugar),Health,Nurse station,5,U002_VITALS,
E00338,U002,2026-02-17 07:00:00,2026-02-17T07:45:00,Gentle yoga / physio,Wellness,Community hall,4,U002_YOGA,
E00339,U002,2026-02-18 08:00:00,2026-02-18T08:15:00,Vitals check (BP/Sugar),Health,Nurse station,5,U002_VITALS,
E00340,U002,2026-02-18 16:00:00,2026-02-18T17:00:00,Book club,Community,Library,3,U002_BOOKCLUB,
E00341,U002,2026-02-19 07:00:00,2026-02-19T07:45:00,Gentle yoga / physio,Wellness,Community hall,4,U002_YOGA,
E00342,U002,2026-02-20 08:00:00,2026-02-20T08:15:00,Vitals check (BP/Sugar),Health,Nurse station,5,U002_VITALS,
E00343,U002,2026-02-22 19:00:00,2026-02-22T19:30:00,Grandchildren video call,Family,,5,U002_GRANDKIDS_CALL,
E00344,U002,2025-08-01 11:00:00,2025-08-01T12:00:00,Doctor follow-up,Health,Clinic (retirement home),5,,Review BP/sugar trends; medication.
E00345,U002,2025-09-05 11:00:00,2025-09-05T12:00:00,Doctor follow-up,Health,Clinic (retirement home),5,,Review BP/sugar trends; medication.
E00346,U002,2025-10-03 11:00:00,2025-10-03T12:00:00,Doctor follow-up,Health,Clinic (retirement home),5,,Review BP/sugar trends; medication.
E00347,U002,2025-11-07 11:00:00,2025-11-07T12:00:00,Doctor follow-up,Health,Clinic (retirement home),5,,Review BP/sugar trends; medication.
E00348,U002,2025-12-05 11:00:00,2025-12-05T12:00:00,Doctor follow-up,Health,Clinic (retirement home),5,,Review BP/sugar trends; medication.
E00349,U002,2026-01-02 11:00:00,2026-01-02T12:00:00,Doctor follow-up,Health,Clinic (retirement home),5,,Review BP/sugar trends; medication.
E00350,U002,2026-02-06 11:00:00,2026-02-06T12:00:00,Doctor follow-up,Health,Clinic (retirement home),5,,Review BP/sugar trends; medication.
E00351,U003,2025-08-22 10:00:00,2025-08-22T19:00:00,Business hours block,Work,Office,5,U003_WORK,
E00352,U003,2025-08-23 10:00:00,2025-08-23T19:00:00,Business hours block,Work,Office,5,U003_WORK,
E00353,U003,2025-08-25 10:00:00,2025-08-25T19:00:00,Business hours block,Work,Office,5,U003_WORK,
E00354,U003,2025-08-26 10:00:00,2025-08-26T19:00:00,Business hours block,Work,Office,5,U003_WORK,
E00355,U003,2025-08-27 10:00:00,2025-08-27T19:00:00,Business hours block,Work,Office,5,U003_WORK,
E00356,U003,2025-08-28 10:00:00,2025-08-28T19:00:00,Business hours block,Work,Office,5,U003_WORK,
E00357,U003,2025-08-29 10:00:00,2025-08-29T19:00:00,Business hours block,Work,Office,5,U003_WORK,
E00358,U003,2025-08-30 10:00:00,2025-08-30T19:00:00,Business hours block,Work,Office,5,U003_WORK,
E00359,U003,2025-09-01 10:00:00,2025-09-01T19:00:00,Business hours block,Work,Office,5,U003_WORK,
E00360,U003,2025-09-02 10:00:00,2025-09-02T19:00:00,Business hours block,Work,Office,5,U003_WORK,
E00361,U003,2025-09-03 10:00:00,2025-09-03T19:00:00,Business hours block,Work,Office,5,U003_WORK,
E00362,U003,2025-09-04 10:00:00,2025-09-04T19:00:00,Business hours block,Work,Office,5,U003_WORK,
E00363,U003,2025-09-05 10:00:00,2025-09-05T19:00:00,Business hours block,Work,Office,5,U003_WORK,
E00364,U003,2025-09-06 10:00:00,2025-09-06T19:00:00,Business hours block,Work,Office,5,U003_WORK,
E00365,U003,2025-09-07 15:00:00,2025-09-07T16:00:00,Payroll approvals,Work,Office,5,,Double-check attendance + incentives.
E00366,U003,2025-09-08 10:00:00,2025-09-08T19:00:00,Business hours block,Work,Office,5,U003_WORK,
E00367,U003,2025-09-09 10:00:00,2025-09-09T19:00:00,Business hours block,Work,Office,5,U003_WORK,
E00368,U003,2025-09-10 10:00:00,2025-09-10T19:00:00,Business hours block,Work,Office,5,U003_WORK,
E00369,U003,2025-09-10 09:00:00,2025-09-10T09:20:00,Loan EMI due,Finance,,5,,"If cash tight, consider partial + talk to bank/CA."
E00370,U003,2025-09-11 10:00:00,2025-09-11T19:00:00,Business hours block,Work,Office,5,U003_WORK,
E00371,U003,2025-09-12 10:00:00,2025-09-12T19:00:00,Business hours block,Work,Office,5,U003_WORK,
E00372,U003,2025-09-13 10:00:00,2025-09-13T19:00:00,Business hours block,Work,Office,5,U003_WORK,
E00373,U003,2025-09-15 10:00:00,2025-09-15T19:00:00,Business hours block,Work,Office,5,U003_WORK,
E00374,U003,2025-09-16 10:00:00,2025-09-16T19:00:00,Business hours block,Work,Office,5,U003_WORK,
E00375,U003,2025-09-17 10:00:00,2025-09-17T19:00:00,Business hours block,Work,Office,5,U003_WORK,
E00376,U003,2025-09-18 10:00:00,2025-09-18T19:00:00,Business hours block,Work,Office,5,U003_WORK,
E00377,U003,2025-09-19 10:00:00,2025-09-19T19:00:00,Business hours block,Work,Office,5,U003_WORK,
E00378,U003,2025-09-20 10:00:00,2025-09-20T19:00:00,Business hours block,Work,Office,5,U003_WORK,
E00379,U003,2025-09-20 09:00:00,2025-09-20T09:20:00,Loan EMI due,Finance,,5,,"If cash tight, consider partial + talk to bank/CA."
E00380,U003,2025-09-22 10:00:00,2025-09-22T19:00:00,Business hours block,Work,Office,5,U003_WORK,
E00381,U003,2025-09-23 10:00:00,2025-09-23T19:00:00,Business hours block,Work,Office,5,U003_WORK,
E00382,U003,2025-09-24 10:00:00,2025-09-24T19:00:00,Business hours block,Work,Office,5,U003_WORK,
E00383,U003,2025-09-25 10:00:00,2025-09-25T19:00:00,Business hours block,Work,Office,5,U003_WORK,
E00384,U003,2025-09-26 10:00:00,2025-09-26T19:00:00,Business hours block,Work,Office,5,U003_WORK,
E00385,U003,2025-09-27 10:00:00,2025-09-27T19:00:00,Business hours block,Work,Office,5,U003_WORK,
E00386,U003,2025-09-29 10:00:00,2025-09-29T19:00:00,Business hours block,Work,Office,5,U003_WORK,
E00387,U003,2025-09-30 10:00:00,2025-09-30T19:00:00,Business hours block,Work,Office,5,U003_WORK,
E00388,U003,2025-10-01 10:00:00,2025-10-01T19:00:00,Business hours block,Work,Office,5,U003_WORK,
E00389,U003,2025-10-02 10:00:00,2025-10-02T19:00:00,Business hours block,Work,Office,5,U003_WORK,
E00390,U003,2025-10-03 10:00:00,2025-10-03T19:00:00,Business hours block,Work,Office,5,U003_WORK,
E00391,U003,2025-10-04 10:00:00,2025-10-04T19:00:00,Business hours block,Work,Office,5,U003_WORK,
E00392,U003,2025-10-06 10:00:00,2025-10-06T19:00:00,Business hours block,Work,Office,5,U003_WORK,
E00393,U003,2025-10-07 10:00:00,2025-10-07T19:00:00,Business hours block,Work,Office,5,U003_WORK,
E00394,U003,2025-10-07 15:00:00,2025-10-07T16:00:00,Payroll approvals,Work,Office,5,,Double-check attendance + incentives.
E00395,U003,2025-10-08 10:00:00,2025-10-08T19:00:00,Business hours block,Work,Office,5,U003_WORK,
E00396,U003,2025-10-09 10:00:00,2025-10-09T19:00:00,Business hours block,Work,Office,5,U003_WORK,
E00397,U003,2025-10-10 10:00:00,2025-10-10T19:00:00,Business hours block,Work,Office,5,U003_WORK,
E00398,U003,2025-10-10 09:00:00,2025-10-10T09:20:00,Loan EMI due,Finance,,5,,"If cash tight, consider partial + talk to bank/CA."
E00399,U003,2025-10-11 10:00:00,2025-10-11T19:00:00,Business hours block,Work,Office,5,U003_WORK,
E00400,U003,2025-10-13 10:00:00,2025-10-13T19:00:00,Business hours block,Work,Office,5,U003_WORK,
E00401,U003,2025-10-14 10:00:00,2025-10-14T19:00:00,Business hours block,Work,Office,5,U003_WORK,
E00402,U003,2025-10-15 10:00:00,2025-10-15T19:00:00,Business hours block,Work,Office,5,U003_WORK,
E00403,U003,2025-10-16 10:00:00,2025-10-16T19:00:00,Business hours block,Work,Office,5,U003_WORK,
E00404,U003,2025-10-17 10:00:00,2025-10-17T19:00:00,Business hours block,Work,Office,5,U003_WORK,
E00405,U003,2025-10-18 10:00:00,2025-10-18T19:00:00,Business hours block,Work,Office,5,U003_WORK,
E00406,U003,2025-10-20 10:00:00,2025-10-20T19:00:00,Business hours block,Work,Office,5,U003_WORK,
E00407,U003,2025-10-20 09:00:00,2025-10-20T09:20:00,Loan EMI due,Finance,,5,,"If cash tight, consider partial + talk to bank/CA."
E00408,U003,2025-10-21 10:00:00,2025-10-21T19:00:00,Business hours block,Work,Office,5,U003_WORK,
E00409,U003,2025-10-22 10:00:00,2025-10-22T19:00:00,Business hours block,Work,Office,5,U003_WORK,
E00410,U003,2025-10-23 10:00:00,2025-10-23T19:00:00,Business hours block,Work,Office,5,U003_WORK,
E00411,U003,2025-10-24 10:00:00,2025-10-24T19:00:00,Business hours block,Work,Office,5,U003_WORK,
E00412,U003,2025-10-25 10:00:00,2025-10-25T19:00:00,Business hours block,Work,Office,5,U003_WORK,
E00413,U003,2025-10-27 10:00:00,2025-10-27T19:00:00,Business hours block,Work,Office,5,U003_WORK,
E00414,U003,2025-10-28 10:00:00,2025-10-28T19:00:00,Business hours block,Work,Office,5,U003_WORK,
E00415,U003,2025-10-29 10:00:00,2025-10-29T19:00:00,Business hours block,Work,Office,5,U003_WORK,
E00416,U003,2025-10-30 10:00:00,2025-10-30T19:00:00,Business hours block,Work,Office,5,U003_WORK,
E00417,U003,2025-10-31 10:00:00,2025-10-31T19:00:00,Business hours block,Work,Office,5,U003_WORK,
E00418,U003,2025-11-01 10:00:00,2025-11-01T19:00:00,Business hours block,Work,Office,5,U003_WORK,
E00419,U003,2025-11-03 10:00:00,2025-11-03T19:00:00,Business hours block,Work,Office,5,U003_WORK,
E00420,U003,2025-11-04 10:00:00,2025-11-04T19:00:00,Business hours block,Work,Office,5,U003_WORK,
E00421,U003,2025-11-05 10:00:00,2025-11-05T19:00:00,Business hours block,Work,Office,5,U003_WORK,
E00422,U003,2025-11-06 10:00:00,2025-11-06T19:00:00,Business hours block,Work,Office,5,U003_WORK,
E00423,U003,2025-11-07 10:00:00,2025-11-07T19:00:00,Business hours block,Work,Office,5,U003_WORK,
E00424,U003,2025-11-07 15:00:00,2025-11-07T16:00:00,Payroll approvals,Work,Office,5,,Double-check attendance + incentives.
E00425,U003,2025-11-08 10:00:00,2025-11-08T19:00:00,Business hours block,Work,Office,5,U003_WORK,
E00426,U003,2025-11-10 10:00:00,2025-11-10T19:00:00,Business hours block,Work,Office,5,U003_WORK,
E00427,U003,2025-11-10 09:00:00,2025-11-10T09:20:00,Loan EMI due,Finance,,5,,"If cash tight, consider partial + talk to bank/CA."
E00428,U003,2025-11-11 10:00:00,2025-11-11T19:00:00,Business hours block,Work,Office,5,U003_WORK,
E00429,U003,2025-11-12 10:00:00,2025-11-12T19:00:00,Business hours block,Work,Office,5,U003_WORK,
E00430,U003,2025-11-13 10:00:00,2025-11-13T19:00:00,Business hours block,Work,Office,5,U003_WORK,
E00431,U003,2025-11-14 10:00:00,2025-11-14T19:00:00,Business hours block,Work,Office,5,U003_WORK,
E00432,U003,2025-11-15 10:00:00,2025-11-15T19:00:00,Business hours block,Work,Office,5,U003_WORK,
E00433,U003,2025-11-17 10:00:00,2025-11-17T19:00:00,Business hours block,Work,Office,5,U003_WORK,
E00434,U003,2025-11-18 10:00:00,2025-11-18T19:00:00,Business hours block,Work,Office,5,U003_WORK,
E00435,U003,2025-11-19 10:00:00,2025-11-19T19:00:00,Business hours block,Work,Office,5,U003_WORK,
E00436,U003,2025-11-20 10:00:00,2025-11-20T19:00:00,Business hours block,Work,Office,5,U003_WORK,
E00437,U003,2025-11-20 09:00:00,2025-11-20T09:20:00,Loan EMI due,Finance,,5,,"If cash tight, consider partial + talk to bank/CA."
E00438,U003,2025-11-21 10:00:00,2025-11-21T19:00:00,Business hours block,Work,Office,5,U003_WORK,
E00439,U003,2025-11-22 10:00:00,2025-11-22T19:00:00,Business hours block,Work,Office,5,U003_WORK,
E00440,U003,2025-11-24 10:00:00,2025-11-24T19:00:00,Business hours block,Work,Office,5,U003_WORK,
E00441,U003,2025-11-25 10:00:00,2025-11-25T19:00:00,Business hours block,Work,Office,5,U003_WORK,
E00442,U003,2025-11-26 10:00:00,2025-11-26T19:00:00,Business hours block,Work,Office,5,U003_WORK,
E00443,U003,2025-11-27 10:00:00,2025-11-27T19:00:00,Business hours block,Work,Office,5,U003_WORK,
E00444,U003,2025-11-28 10:00:00,2025-11-28T19:00:00,Business hours block,Work,Office,5,U003_WORK,
E00445,U003,2025-11-29 10:00:00,2025-11-29T19:00:00,Business hours block,Work,Office,5,U003_WORK,
E00446,U003,2025-12-01 10:00:00,2025-12-01T19:00:00,Business hours block,Work,Office,5,U003_WORK,
E00447,U003,2025-12-02 10:00:00,2025-12-02T19:00:00,Business hours block,Work,Office,5,U003_WORK,
E00448,U003,2025-12-03 10:00:00,2025-12-03T19:00:00,Business hours block,Work,Office,5,U003_WORK,
E00449,U003,2025-12-04 10:00:00,2025-12-04T19:00:00,Business hours block,Work,Office,5,U003_WORK,
E00450,U003,2025-12-05 10:00:00,2025-12-05T19:00:00,Business hours block,Work,Office,5,U003_WORK,
E00451,U003,2025-12-06 10:00:00,2025-12-06T19:00:00,Business hours block,Work,Office,5,U003_WORK,
E00452,U003,2025-12-07 15:00:00,2025-12-07T16:00:00,Payroll approvals,Work,Office,5,,Double-check attendance + incentives.
E00453,U003,2025-12-08 10:00:00,2025-12-08T19:00:00,Business hours block,Work,Office,5,U003_WORK,
E00454,U003,2025-12-09 10:00:00,2025-12-09T19:00:00,Business hours block,Work,Office,5,U003_WORK,
E00455,U003,2025-12-10 10:00:00,2025-12-10T19:00:00,Business hours block,Work,Office,5,U003_WORK,
E00456,U003,2025-12-10 09:00:00,2025-12-10T09:20:00,Loan EMI due,Finance,,5,,"If cash tight, consider partial + talk to bank/CA."
E00457,U003,2025-12-11 10:00:00,2025-12-11T19:00:00,Business hours block,Work,Office,5,U003_WORK,
E00458,U003,2025-12-12 10:00:00,2025-12-12T19:00:00,Business hours block,Work,Office,5,U003_WORK,
E00459,U003,2025-12-13 10:00:00,2025-12-13T19:00:00,Business hours block,Work,Office,5,U003_WORK,
E00460,U003,2025-12-15 10:00:00,2025-12-15T19:00:00,Business hours block,Work,Office,5,U003_WORK,
E00461,U003,2025-12-16 10:00:00,2025-12-16T19:00:00,Business hours block,Work,Office,5,U003_WORK,
E00462,U003,2025-12-17 10:00:00,2025-12-17T19:00:00,Business hours block,Work,Office,5,U003_WORK,
E00463,U003,2025-12-18 10:00:00,2025-12-18T19:00:00,Business hours block,Work,Office,5,U003_WORK,
E00464,U003,2025-12-19 10:00:00,2025-12-19T19:00:00,Business hours block,Work,Office,5,U003_WORK,
E00465,U003,2025-12-20 10:00:00,2025-12-20T19:00:00,Business hours block,Work,Office,5,U003_WORK,
E00466,U003,2025-12-20 09:00:00,2025-12-20T09:20:00,Loan EMI due,Finance,,5,,"If cash tight, consider partial + talk to bank/CA."
E00467,U003,2025-12-22 10:00:00,2025-12-22T19:00:00,Business hours block,Work,Office,5,U003_WORK,
E00468,U003,2025-12-23 10:00:00,2025-12-23T19:00:00,Business hours block,Work,Office,5,U003_WORK,
E00469,U003,2025-12-24 10:00:00,2025-12-24T19:00:00,Business hours block,Work,Office,5,U003_WORK,
E00470,U003,2025-12-25 10:00:00,2025-12-25T19:00:00,Business hours block,Work,Office,5,U003_WORK,
E00471,U003,2025-12-26 10:00:00,2025-12-26T19:00:00,Business hours block,Work,Office,5,U003_WORK,
E00472,U003,2025-12-27 10:00:00,2025-12-27T19:00:00,Business hours block,Work,Office,5,U003_WORK,
E00473,U003,2025-12-29 10:00:00,2025-12-29T19:00:00,Business hours block,Work,Office,5,U003_WORK,
E00474,U003,2025-12-30 10:00:00,2025-12-30T19:00:00,Business hours block,Work,Office,5,U003_WORK,
E00475,U003,2025-12-31 10:00:00,2025-12-31T19:00:00,Business hours block,Work,Office,5,U003_WORK,
E00476,U003,2026-01-01 10:00:00,2026-01-01T19:00:00,Business hours block,Work,Office,5,U003_WORK,
E00477,U003,2026-01-02 10:00:00,2026-01-02T19:00:00,Business hours block,Work,Office,5,U003_WORK,
E00478,U003,2026-01-03 10:00:00,2026-01-03T19:00:00,Business hours block,Work,Office,5,U003_WORK,
E00479,U003,2026-01-05 10:00:00,2026-01-05T19:00:00,Business hours block,Work,Office,5,U003_WORK,
E00480,U003,2026-01-06 10:00:00,2026-01-06T19:00:00,Business hours block,Work,Office,5,U003_WORK,
E00481,U003,2026-01-07 10:00:00,2026-01-07T19:00:00,Business hours block,Work,Office,5,U003_WORK,
E00482,U003,2026-01-07 15:00:00,2026-01-07T16:00:00,Payroll approvals,Work,Office,5,,Double-check attendance + incentives.
E00483,U003,2026-01-08 10:00:00,2026-01-08T19:00:00,Business hours block,Work,Office,5,U003_WORK,
E00484,U003,2026-01-09 10:00:00,2026-01-09T19:00:00,Business hours block,Work,Office,5,U003_WORK,
E00485,U003,2026-01-10 10:00:00,2026-01-10T19:00:00,Business hours block,Work,Office,5,U003_WORK,
E00486,U003,2026-01-10 09:00:00,2026-01-10T09:20:00,Loan EMI due,Finance,,5,,"If cash tight, consider partial + talk to bank/CA."
E00487,U003,2026-01-12 10:00:00,2026-01-12T19:00:00,Business hours block,Work,Office,5,U003_WORK,
E00488,U003,2026-01-13 10:00:00,2026-01-13T19:00:00,Business hours block,Work,Office,5,U003_WORK,
E00489,U003,2026-01-14 10:00:00,2026-01-14T19:00:00,Business hours block,Work,Office,5,U003_WORK,
E00490,U003,2026-01-15 10:00:00,2026-01-15T19:00:00,Business hours block,Work,Office,5,U003_WORK,
E00491,U003,2026-01-16 10:00:00,2026-01-16T19:00:00,Business hours block,Work,Office,5,U003_WORK,
E00492,U003,2026-01-17 10:00:00,2026-01-17T19:00:00,Business hours block,Work,Office,5,U003_WORK,
E00493,U003,2026-01-19 10:00:00,2026-01-19T19:00:00,Business hours block,Work,Office,5,U003_WORK,
E00494,U003,2026-01-20 10:00:00,2026-01-20T19:00:00,Business hours block,Work,Office,5,U003_WORK,
E00495,U003,2026-01-20 09:00:00,2026-01-20T09:20:00,Loan EMI due,Finance,,5,,"If cash tight, consider partial + talk to bank/CA."
E00496,U003,2026-01-21 10:00:00,2026-01-21T19:00:00,Business hours block,Work,Office,5,U003_WORK,
E00497,U003,2026-01-22 10:00:00,2026-01-22T19:00:00,Business hours block,Work,Office,5,U003_WORK,
E00498,U003,2026-01-23 10:00:00,2026-01-23T19:00:00,Business hours block,Work,Office,5,U003_WORK,
E00499,U003,2026-01-24 10:00:00,2026-01-24T19:00:00,Business hours block,Work,Office,5,U003_WORK,
E00500,U003,2026-01-26 10:00:00,2026-01-26T19:00:00,Business hours block,Work,Office,5,U003_WORK,
E00501,U003,2026-01-27 10:00:00,2026-01-27T19:00:00,Business hours block,Work,Office,5,U003_WORK,
E00502,U003,2026-01-28 10:00:00,2026-01-28T19:00:00,Business hours block,Work,Office,5,U003_WORK,
E00503,U003,2026-01-29 10:00:00,2026-01-29T19:00:00,Business hours block,Work,Office,5,U003_WORK,
E00504,U003,2026-01-30 10:00:00,2026-01-30T19:00:00,Business hours block,Work,Office,5,U003_WORK,
E00505,U003,2026-01-31 10:00:00,2026-01-31T19:00:00,Business hours block,Work,Office,5,U003_WORK,
E00506,U003,2026-02-02 10:00:00,2026-02-02T19:00:00,Business hours block,Work,Office,5,U003_WORK,
E00507,U003,2026-02-03 10:00:00,2026-02-03T19:00:00,Business hours block,Work,Office,5,U003_WORK,
E00508,U003,2026-02-04 10:00:00,2026-02-04T19:00:00,Business hours block,Work,Office,5,U003_WORK,
E00509,U003,2026-02-05 10:00:00,2026-02-05T19:00:00,Business hours block,Work,Office,5,U003_WORK,
E00510,U003,2026-02-06 10:00:00,2026-02-06T19:00:00,Business hours block,Work,Office,5,U003_WORK,
E00511,U003,2026-02-07 10:00:00,2026-02-07T19:00:00,Business hours block,Work,Office,5,U003_WORK,
E00512,U003,2026-02-07 15:00:00,2026-02-07T16:00:00,Payroll approvals,Work,Office,5,,Double-check attendance + incentives.
E00513,U003,2026-02-09 10:00:00,2026-02-09T19:00:00,Business hours block,Work,Office,5,U003_WORK,
E00514,U003,2026-02-10 10:00:00,2026-02-10T19:00:00,Business hours block,Work,Office,5,U003_WORK,
E00515,U003,2026-02-10 09:00:00,2026-02-10T09:20:00,Loan EMI due,Finance,,5,,"If cash tight, consider partial + talk to bank/CA."
E00516,U003,2026-02-11 10:00:00,2026-02-11T19:00:00,Business hours block,Work,Office,5,U003_WORK,
E00517,U003,2026-02-12 10:00:00,2026-02-12T19:00:00,Business hours block,Work,Office,5,U003_WORK,
E00518,U003,2026-02-13 10:00:00,2026-02-13T19:00:00,Business hours block,Work,Office,5,U003_WORK,
E00519,U003,2026-02-14 10:00:00,2026-02-14T19:00:00,Business hours block,Work,Office,5,U003_WORK,
E00520,U003,2026-02-16 10:00:00,2026-02-16T19:00:00,Business hours block,Work,Office,5,U003_WORK,
E00521,U003,2026-02-17 10:00:00,2026-02-17T19:00:00,Business hours block,Work,Office,5,U003_WORK,
E00522,U003,2026-02-18 10:00:00,2026-02-18T19:00:00,Business hours block,Work,Office,5,U003_WORK,
E00523,U003,2026-02-19 10:00:00,2026-02-19T19:00:00,Business hours block,Work,Office,5,U003_WORK,
E00524,U003,2026-02-20 10:00:00,2026-02-20T19:00:00,Business hours block,Work,Office,5,U003_WORK,
E00525,U003,2026-02-20 09:00:00,2026-02-20T09:20:00,Loan EMI due,Finance,,5,,"If cash tight, consider partial + talk to bank/CA."
E00526,U003,2026-02-21 10:00:00,2026-02-21T19:00:00,Business hours block,Work,Office,5,U003_WORK,
E00527,U003,2025-08-25 16:30:00,2025-08-25T17:15:00,Client / vendor meeting,Work,Office/Online,4,,Agenda + next actions.
E00528,U003,2025-08-27 17:00:00,2025-08-27T18:00:00,Client / vendor meeting,Work,Office/Online,4,,Agenda + next actions.
E00529,U003,2025-09-02 11:30:00,2025-09-02T12:30:00,Client / vendor meeting,Work,Office/Online,4,,Agenda + next actions.
E00530,U003,2025-09-04 16:30:00,2025-09-04T17:30:00,Client / vendor meeting,Work,Office/Online,4,,Agenda + next actions.
E00531,U003,2025-09-10 11:45:00,2025-09-10T12:30:00,Client / vendor meeting,Work,Office/Online,4,,Agenda + next actions.
E00532,U003,2025-09-10 13:00:00,2025-09-10T14:00:00,Client / vendor meeting,Work,Office/Online,4,,Agenda + next actions.
E00533,U003,2025-09-18 15:15:00,2025-09-18T16:15:00,Client / vendor meeting,Work,Office/Online,4,,Agenda + next actions.
E00534,U003,2025-09-17 14:15:00,2025-09-17T14:45:00,Client / vendor meeting,Work,Office/Online,4,,Agenda + next actions.
E00535,U003,2025-09-22 14:45:00,2025-09-22T15:15:00,Client / vendor meeting,Work,Office/Online,4,,Agenda + next actions.
E00536,U003,2025-09-26 16:15:00,2025-09-26T17:00:00,Client / vendor meeting,Work,Office/Online,4,,Agenda + next actions.
E00537,U003,2025-09-29 16:30:00,2025-09-29T17:15:00,Client / vendor meeting,Work,Office/Online,4,,Agenda + next actions.
E00538,U003,2025-09-29 17:15:00,2025-09-29T18:15:00,Client / vendor meeting,Work,Office/Online,4,,Agenda + next actions.
E00539,U003,2025-10-09 16:45:00,2025-10-09T17:15:00,Client / vendor meeting,Work,Office/Online,4,,Agenda + next actions.
E00540,U003,2025-10-07 14:15:00,2025-10-07T14:45:00,Client / vendor meeting,Work,Office/Online,4,,Agenda + next actions.
E00541,U003,2025-10-15 12:30:00,2025-10-15T13:30:00,Client / vendor meeting,Work,Office/Online,4,,Agenda + next actions.
E00542,U003,2025-10-17 16:15:00,2025-10-17T17:15:00,Client / vendor meeting,Work,Office/Online,4,,Agenda + next actions.
E00543,U003,2025-10-22 13:45:00,2025-10-22T14:30:00,Client / vendor meeting,Work,Office/Online,4,,Agenda + next actions.
E00544,U003,2025-10-20 14:45:00,2025-10-20T15:15:00,Client / vendor meeting,Work,Office/Online,4,,Agenda + next actions.
E00545,U003,2025-10-29 11:30:00,2025-10-29T12:15:00,Client / vendor meeting,Work,Office/Online,4,,Agenda + next actions.
E00546,U003,2025-10-28 12:30:00,2025-10-28T13:30:00,Client / vendor meeting,Work,Office/Online,4,,Agenda + next actions.
E00547,U003,2025-11-07 14:00:00,2025-11-07T15:00:00,Client / vendor meeting,Work,Office/Online,4,,Agenda + next actions.
E00548,U003,2025-11-06 15:00:00,2025-11-06T15:30:00,Client / vendor meeting,Work,Office/Online,4,,Agenda + next actions.
E00549,U003,2025-11-13 16:15:00,2025-11-13T17:15:00,Client / vendor meeting,Work,Office/Online,4,,Agenda + next actions.
E00550,U003,2025-11-14 13:45:00,2025-11-14T14:15:00,Client / vendor meeting,Work,Office/Online,4,,Agenda + next actions.
E00551,U003,2025-11-18 15:30:00,2025-11-18T16:00:00,Client / vendor meeting,Work,Office/Online,4,,Agenda + next actions.
E00552,U003,2025-11-21 12:45:00,2025-11-21T13:15:00,Client / vendor meeting,Work,Office/Online,4,,Agenda + next actions.
E00553,U003,2025-11-27 16:45:00,2025-11-27T17:30:00,Client / vendor meeting,Work,Office/Online,4,,Agenda + next actions.
E00554,U003,2025-11-26 15:15:00,2025-11-26T16:15:00,Client / vendor meeting,Work,Office/Online,4,,Agenda + next actions.
E00555,U003,2025-12-03 14:30:00,2025-12-03T15:15:00,Client / vendor meeting,Work,Office/Online,4,,Agenda + next actions.
E00556,U003,2025-12-01 11:00:00,2025-12-01T11:30:00,Client / vendor meeting,Work,Office/Online,4,,Agenda + next actions.
E00557,U003,2025-12-10 15:30:00,2025-12-10T16:15:00,Client / vendor meeting,Work,Office/Online,4,,Agenda + next actions.
E00558,U003,2025-12-12 14:00:00,2025-12-12T15:00:00,Client / vendor meeting,Work,Office/Online,4,,Agenda + next actions.
E00559,U003,2025-12-17 15:30:00,2025-12-17T16:15:00,Client / vendor meeting,Work,Office/Online,4,,Agenda + next actions.
E00560,U003,2025-12-15 14:45:00,2025-12-15T15:15:00,Client / vendor meeting,Work,Office/Online,4,,Agenda + next actions.
E00561,U003,2025-12-25 11:15:00,2025-12-25T12:00:00,Client / vendor meeting,Work,Office/Online,4,,Agenda + next actions.
E00562,U003,2025-12-26 12:15:00,2025-12-26T13:00:00,Client / vendor meeting,Work,Office/Online,4,,Agenda + next actions.
E00563,U003,2026-01-02 16:00:00,2026-01-02T16:30:00,Client / vendor meeting,Work,Office/Online,4,,Agenda + next actions.
E00564,U003,2026-01-02 11:45:00,2026-01-02T12:15:00,Client / vendor meeting,Work,Office/Online,4,,Agenda + next actions.
E00565,U003,2026-01-09 13:15:00,2026-01-09T14:00:00,Client / vendor meeting,Work,Office/Online,4,,Agenda + next actions.
E00566,U003,2026-01-05 14:30:00,2026-01-05T15:30:00,Client / vendor meeting,Work,Office/Online,4,,Agenda + next actions.
E00567,U003,2026-01-16 15:15:00,2026-01-16T16:00:00,Client / vendor meeting,Work,Office/Online,4,,Agenda + next actions.
E00568,U003,2026-01-14 16:15:00,2026-01-14T16:45:00,Client / vendor meeting,Work,Office/Online,4,,Agenda + next actions.
E00569,U003,2026-01-20 11:00:00,2026-01-20T11:30:00,Client / vendor meeting,Work,Office/Online,4,,Agenda + next actions.
E00570,U003,2026-01-22 16:30:00,2026-01-22T17:15:00,Client / vendor meeting,Work,Office/Online,4,,Agenda + next actions.
E00571,U003,2026-01-29 12:45:00,2026-01-29T13:30:00,Client / vendor meeting,Work,Office/Online,4,,Agenda + next actions.
E00572,U003,2026-01-30 12:15:00,2026-01-30T13:15:00,Client / vendor meeting,Work,Office/Online,4,,Agenda + next actions.
E00573,U003,2026-02-04 14:00:00,2026-02-04T14:45:00,Client / vendor meeting,Work,Office/Online,4,,Agenda + next actions.
E00574,U003,2026-02-03 13:30:00,2026-02-03T14:15:00,Client / vendor meeting,Work,Office/Online,4,,Agenda + next actions.
E00575,U003,2026-02-12 13:45:00,2026-02-12T14:15:00,Client / vendor meeting,Work,Office/Online,4,,Agenda + next actions.
E00576,U003,2026-02-10 11:15:00,2026-02-10T12:15:00,Client / vendor meeting,Work,Office/Online,4,,Agenda + next actions.
E00577,U003,2026-02-17 17:15:00,2026-02-17T18:15:00,Client / vendor meeting,Work,Office/Online,4,,Agenda + next actions.
E00578,U003,2026-02-18 12:45:00,2026-02-18T13:45:00,Client / vendor meeting,Work,Office/Online,4,,Agenda + next actions.
E00579,U003,2026-01-23 17:30:00,2026-01-23T18:30:00,Family meeting (marriage discussion),Family,Home,4,,Handle emotions; keep conversation respectful.
E00580,U003,2026-01-28 17:30:00,2026-01-28T18:30:00,Family meeting (marriage discussion),Family,Home,4,,Handle emotions; keep conversation respectful.
E00581,U003,2026-02-02 17:30:00,2026-02-02T18:30:00,Family meeting (marriage discussion),Family,Home,4,,Handle emotions; keep conversation respectful.
E00582,U003,2025-09-05 12:00:00,2025-09-05T12:30:00,Contract renegotiation deadline,Work,,5,,Prepare documents; call partner/CA.
E00583,U003,2025-12-12 12:00:00,2025-12-12T12:30:00,Vendor dispute resolution deadline,Work,,5,,Prepare documents; call partner/CA.
E00584,U003,2026-01-30 12:00:00,2026-01-30T12:30:00,New contract signing target,Work,,5,,Prepare documents; call partner/CA.
E00585,U004,2025-08-22 09:00:00,2025-08-22T13:00:00,Classes / work block,Study,College/Office,5,U004_CLASSES,
E00586,U004,2025-08-22 18:00:00,2025-08-22T21:00:00,Study block,Study,Home/Library,4,U004_STUDY,
E00587,U004,2025-08-23 08:00:00,2025-08-23T09:00:00,Walk / gym session,Wellness,Gym/Outdoor,3,U004_WALK,
E00588,U004,2025-08-25 09:00:00,2025-08-25T13:00:00,Classes / work block,Study,College/Office,5,U004_CLASSES,
E00589,U004,2025-08-25 18:00:00,2025-08-25T21:00:00,Study block,Study,Home/Library,4,U004_STUDY,
E00590,U004,2025-08-26 09:00:00,2025-08-26T13:00:00,Classes / work block,Study,College/Office,5,U004_CLASSES,
E00591,U004,2025-08-26 18:00:00,2025-08-26T21:00:00,Study block,Study,Home/Library,4,U004_STUDY,
E00592,U004,2025-08-27 09:00:00,2025-08-27T13:00:00,Classes / work block,Study,College/Office,5,U004_CLASSES,
E00593,U004,2025-08-27 18:00:00,2025-08-27T21:00:00,Study block,Study,Home/Library,4,U004_STUDY,
E00594,U004,2025-08-28 09:00:00,2025-08-28T13:00:00,Classes / work block,Study,College/Office,5,U004_CLASSES,
E00595,U004,2025-08-28 18:00:00,2025-08-28T21:00:00,Study block,Study,Home/Library,4,U004_STUDY,
E00596,U004,2025-08-29 09:00:00,2025-08-29T13:00:00,Classes / work block,Study,College/Office,5,U004_CLASSES,
E00597,U004,2025-08-29 18:00:00,2025-08-29T21:00:00,Study block,Study,Home/Library,4,U004_STUDY,
E00598,U004,2025-08-30 08:00:00,2025-08-30T09:00:00,Walk / gym session,Wellness,Gym/Outdoor,3,U004_WALK,
E00599,U004,2025-09-01 09:00:00,2025-09-01T13:00:00,Classes / work block,Study,College/Office,5,U004_CLASSES,
E00600,U004,2025-09-01 18:00:00,2025-09-01T21:00:00,Study block,Study,Home/Library,4,U004_STUDY,
E00601,U004,2025-09-02 09:00:00,2025-09-02T13:00:00,Classes / work block,Study,College/Office,5,U004_CLASSES,
E00602,U004,2025-09-02 18:00:00,2025-09-02T21:00:00,Study block,Study,Home/Library,4,U004_STUDY,
E00603,U004,2025-09-03 09:00:00,2025-09-03T13:00:00,Classes / work block,Study,College/Office,5,U004_CLASSES,
E00604,U004,2025-09-03 18:00:00,2025-09-03T21:00:00,Study block,Study,Home/Library,4,U004_STUDY,
E00605,U004,2025-09-04 09:00:00,2025-09-04T13:00:00,Classes / work block,Study,College/Office,5,U004_CLASSES,
E00606,U004,2025-09-04 18:00:00,2025-09-04T21:00:00,Study block,Study,Home/Library,4,U004_STUDY,
E00607,U004,2025-09-05 09:00:00,2025-09-05T13:00:00,Classes / work block,Study,College/Office,5,U004_CLASSES,
E00608,U004,2025-09-05 18:00:00,2025-09-05T21:00:00,Study block,Study,Home/Library,4,U004_STUDY,
E00609,U004,2025-09-06 08:00:00,2025-09-06T09:00:00,Walk / gym session,Wellness,Gym/Outdoor,3,U004_WALK,
E00610,U004,2025-09-08 09:00:00,2025-09-08T13:00:00,Classes / work block,Study,College/Office,5,U004_CLASSES,
E00611,U004,2025-09-08 18:00:00,2025-09-08T21:00:00,Study block,Study,Home/Library,4,U004_STUDY,
E00612,U004,2025-09-09 09:00:00,2025-09-09T13:00:00,Classes / work block,Study,College/Office,5,U004_CLASSES,
E00613,U004,2025-09-09 18:00:00,2025-09-09T21:00:00,Study block,Study,Home/Library,4,U004_STUDY,
E00614,U004,2025-09-10 09:00:00,2025-09-10T13:00:00,Classes / work block,Study,College/Office,5,U004_CLASSES,
E00615,U004,2025-09-10 18:00:00,2025-09-10T21:00:00,Study block,Study,Home/Library,4,U004_STUDY,
E00616,U004,2025-09-11 09:00:00,2025-09-11T13:00:00,Classes / work block,Study,College/Office,5,U004_CLASSES,
E00617,U004,2025-09-11 18:00:00,2025-09-11T21:00:00,Study block,Study,Home/Library,4,U004_STUDY,
E00618,U004,2025-09-12 09:00:00,2025-09-12T13:00:00,Classes / work block,Study,College/Office,5,U004_CLASSES,
E00619,U004,2025-09-12 18:00:00,2025-09-12T21:00:00,Study block,Study,Home/Library,4,U004_STUDY,
E00620,U004,2025-09-13 08:00:00,2025-09-13T09:00:00,Walk / gym session,Wellness,Gym/Outdoor,3,U004_WALK,
E00621,U004,2025-09-15 09:00:00,2025-09-15T13:00:00,Classes / work block,Study,College/Office,5,U004_CLASSES,
E00622,U004,2025-09-15 18:00:00,2025-09-15T21:00:00,Study block,Study,Home/Library,4,U004_STUDY,
E00623,U004,2025-09-16 09:00:00,2025-09-16T13:00:00,Classes / work block,Study,College/Office,5,U004_CLASSES,
E00624,U004,2025-09-16 18:00:00,2025-09-16T21:00:00,Study block,Study,Home/Library,4,U004_STUDY,
E00625,U004,2025-09-17 09:00:00,2025-09-17T13:00:00,Classes / work block,Study,College/Office,5,U004_CLASSES,
E00626,U004,2025-09-17 18:00:00,2025-09-17T21:00:00,Study block,Study,Home/Library,4,U004_STUDY,
E00627,U004,2025-09-18 09:00:00,2025-09-18T13:00:00,Classes / work block,Study,College/Office,5,U004_CLASSES,
E00628,U004,2025-09-18 18:00:00,2025-09-18T21:00:00,Study block,Study,Home/Library,4,U004_STUDY,
E00629,U004,2025-09-19 09:00:00,2025-09-19T13:00:00,Classes / work block,Study,College/Office,5,U004_CLASSES,
E00630,U004,2025-09-19 18:00:00,2025-09-19T21:00:00,Study block,Study,Home/Library,4,U004_STUDY,
E00631,U004,2025-09-20 08:00:00,2025-09-20T09:00:00,Walk / gym session,Wellness,Gym/Outdoor,3,U004_WALK,
E00632,U004,2025-09-22 09:00:00,2025-09-22T13:00:00,Classes / work block,Study,College/Office,5,U004_CLASSES,
E00633,U004,2025-09-22 18:00:00,2025-09-22T21:00:00,Study block,Study,Home/Library,4,U004_STUDY,
E00634,U004,2025-09-23 09:00:00,2025-09-23T13:00:00,Classes / work block,Study,College/Office,5,U004_CLASSES,
E00635,U004,2025-09-23 18:00:00,2025-09-23T21:00:00,Study block,Study,Home/Library,4,U004_STUDY,
E00636,U004,2025-09-24 09:00:00,2025-09-24T13:00:00,Classes / work block,Study,College/Office,5,U004_CLASSES,
E00637,U004,2025-09-24 18:00:00,2025-09-24T21:00:00,Study block,Study,Home/Library,4,U004_STUDY,
E00638,U004,2025-09-25 09:00:00,2025-09-25T13:00:00,Classes / work block,Study,College/Office,5,U004_CLASSES,
E00639,U004,2025-09-25 18:00:00,2025-09-25T21:00:00,Study block,Study,Home/Library,4,U004_STUDY,
E00640,U004,2025-09-26 09:00:00,2025-09-26T13:00:00,Classes / work block,Study,College/Office,5,U004_CLASSES,
E00641,U004,2025-09-26 18:00:00,2025-09-26T21:00:00,Study block,Study,Home/Library,4,U004_STUDY,
E00642,U004,2025-09-27 08:00:00,2025-09-27T09:00:00,Walk / gym session,Wellness,Gym/Outdoor,3,U004_WALK,
E00643,U004,2025-09-29 09:00:00,2025-09-29T13:00:00,Classes / work block,Study,College/Office,5,U004_CLASSES,
E00644,U004,2025-09-29 18:00:00,2025-09-29T21:00:00,Study block,Study,Home/Library,4,U004_STUDY,
E00645,U004,2025-09-30 09:00:00,2025-09-30T13:00:00,Classes / work block,Study,College/Office,5,U004_CLASSES,
E00646,U004,2025-09-30 18:00:00,2025-09-30T21:00:00,Study block,Study,Home/Library,4,U004_STUDY,
E00647,U004,2025-10-01 09:00:00,2025-10-01T13:00:00,Classes / work block,Study,College/Office,5,U004_CLASSES,
E00648,U004,2025-10-01 18:00:00,2025-10-01T21:00:00,Study block,Study,Home/Library,4,U004_STUDY,
E00649,U004,2025-10-02 09:00:00,2025-10-02T13:00:00,Classes / work block,Study,College/Office,5,U004_CLASSES,
E00650,U004,2025-10-02 18:00:00,2025-10-02T21:00:00,Study block,Study,Home/Library,4,U004_STUDY,
E00651,U004,2025-10-03 09:00:00,2025-10-03T13:00:00,Classes / work block,Study,College/Office,5,U004_CLASSES,
E00652,U004,2025-10-03 18:00:00,2025-10-03T21:00:00,Study block,Study,Home/Library,4,U004_STUDY,
E00653,U004,2025-10-04 08:00:00,2025-10-04T09:00:00,Walk / gym session,Wellness,Gym/Outdoor,3,U004_WALK,
E00654,U004,2025-10-06 09:00:00,2025-10-06T13:00:00,Classes / work block,Study,College/Office,5,U004_CLASSES,
E00655,U004,2025-10-06 18:00:00,2025-10-06T21:00:00,Study block,Study,Home/Library,4,U004_STUDY,
E00656,U004,2025-10-07 09:00:00,2025-10-07T13:00:00,Classes / work block,Study,College/Office,5,U004_CLASSES,
E00657,U004,2025-10-07 18:00:00,2025-10-07T21:00:00,Study block,Study,Home/Library,4,U004_STUDY,
E00658,U004,2025-10-08 09:00:00,2025-10-08T13:00:00,Classes / work block,Study,College/Office,5,U004_CLASSES,
E00659,U004,2025-10-08 18:00:00,2025-10-08T21:00:00,Study block,Study,Home/Library,4,U004_STUDY,
E00660,U004,2025-10-09 09:00:00,2025-10-09T13:00:00,Classes / work block,Study,College/Office,5,U004_CLASSES,
E00661,U004,2025-10-09 18:00:00,2025-10-09T21:00:00,Study block,Study,Home/Library,4,U004_STUDY,
E00662,U004,2025-10-10 09:00:00,2025-10-10T13:00:00,Classes / work block,Study,College/Office,5,U004_CLASSES,
E00663,U004,2025-10-10 18:00:00,2025-10-10T21:00:00,Study block,Study,Home/Library,4,U004_STUDY,
E00664,U004,2025-10-11 08:00:00,2025-10-11T09:00:00,Walk / gym session,Wellness,Gym/Outdoor,3,U004_WALK,
E00665,U004,2025-10-13 09:00:00,2025-10-13T13:00:00,Classes / work block,Study,College/Office,5,U004_CLASSES,
E00666,U004,2025-10-13 18:00:00,2025-10-13T21:00:00,Study block,Study,Home/Library,4,U004_STUDY,
E00667,U004,2025-10-14 09:00:00,2025-10-14T13:00:00,Classes / work block,Study,College/Office,5,U004_CLASSES,
E00668,U004,2025-10-14 18:00:00,2025-10-14T21:00:00,Study block,Study,Home/Library,4,U004_STUDY,
E00669,U004,2025-10-15 09:00:00,2025-10-15T13:00:00,Classes / work block,Study,College/Office,5,U004_CLASSES,
E00670,U004,2025-10-15 18:00:00,2025-10-15T21:00:00,Study block,Study,Home/Library,4,U004_STUDY,
E00671,U004,2025-10-16 09:00:00,2025-10-16T13:00:00,Classes / work block,Study,College/Office,5,U004_CLASSES,
E00672,U004,2025-10-16 18:00:00,2025-10-16T21:00:00,Study block,Study,Home/Library,4,U004_STUDY,
E00673,U004,2025-10-17 09:00:00,2025-10-17T13:00:00,Classes / work block,Study,College/Office,5,U004_CLASSES,
E00674,U004,2025-10-17 18:00:00,2025-10-17T21:00:00,Study block,Study,Home/Library,4,U004_STUDY,
E00675,U004,2025-10-18 08:00:00,2025-10-18T09:00:00,Walk / gym session,Wellness,Gym/Outdoor,3,U004_WALK,
E00676,U004,2025-10-20 09:00:00,2025-10-20T13:00:00,Classes / work block,Study,College/Office,5,U004_CLASSES,
E00677,U004,2025-10-20 18:00:00,2025-10-20T21:00:00,Study block,Study,Home/Library,4,U004_STUDY,
E00678,U004,2025-10-21 09:00:00,2025-10-21T13:00:00,Classes / work block,Study,College/Office,5,U004_CLASSES,
E00679,U004,2025-10-21 18:00:00,2025-10-21T21:00:00,Study block,Study,Home/Library,4,U004_STUDY,
E00680,U004,2025-10-22 09:00:00,2025-10-22T13:00:00,Classes / work block,Study,College/Office,5,U004_CLASSES,
E00681,U004,2025-10-22 18:00:00,2025-10-22T21:00:00,Study block,Study,Home/Library,4,U004_STUDY,
E00682,U004,2025-10-23 09:00:00,2025-10-23T13:00:00,Classes / work block,Study,College/Office,5,U004_CLASSES,
E00683,U004,2025-10-23 18:00:00,2025-10-23T21:00:00,Study block,Study,Home/Library,4,U004_STUDY,
E00684,U004,2025-10-24 09:00:00,2025-10-24T13:00:00,Classes / work block,Study,College/Office,5,U004_CLASSES,
E00685,U004,2025-10-24 18:00:00,2025-10-24T21:00:00,Study block,Study,Home/Library,4,U004_STUDY,
E00686,U004,2025-10-25 08:00:00,2025-10-25T09:00:00,Walk / gym session,Wellness,Gym/Outdoor,3,U004_WALK,
E00687,U004,2025-10-27 09:00:00,2025-10-27T13:00:00,Classes / work block,Study,College/Office,5,U004_CLASSES,
E00688,U004,2025-10-27 18:00:00,2025-10-27T21:00:00,Study block,Study,Home/Library,4,U004_STUDY,
E00689,U004,2025-10-28 09:00:00,2025-10-28T13:00:00,Classes / work block,Study,College/Office,5,U004_CLASSES,
E00690,U004,2025-10-28 18:00:00,2025-10-28T21:00:00,Study block,Study,Home/Library,4,U004_STUDY,
E00691,U004,2025-10-29 09:00:00,2025-10-29T13:00:00,Classes / work block,Study,College/Office,5,U004_CLASSES,
E00692,U004,2025-10-29 18:00:00,2025-10-29T21:00:00,Study block,Study,Home/Library,4,U004_STUDY,
E00693,U004,2025-10-30 09:00:00,2025-10-30T13:00:00,Classes / work block,Study,College/Office,5,U004_CLASSES,
E00694,U004,2025-10-30 18:00:00,2025-10-30T21:00:00,Study block,Study,Home/Library,4,U004_STUDY,
E00695,U004,2025-10-31 09:00:00,2025-10-31T13:00:00,Classes / work block,Study,College/Office,5,U004_CLASSES,
E00696,U004,2025-10-31 18:00:00,2025-10-31T21:00:00,Study block,Study,Home/Library,4,U004_STUDY,
E00697,U004,2025-11-01 08:00:00,2025-11-01T09:00:00,Walk / gym session,Wellness,Gym/Outdoor,3,U004_WALK,
E00698,U004,2025-11-03 09:00:00,2025-11-03T13:00:00,Classes / work block,Study,College/Office,5,U004_CLASSES,
E00699,U004,2025-11-03 18:00:00,2025-11-03T21:00:00,Study block,Study,Home/Library,4,U004_STUDY,
E00700,U004,2025-11-04 09:00:00,2025-11-04T13:00:00,Classes / work block,Study,College/Office,5,U004_CLASSES,
E00701,U004,2025-11-04 18:00:00,2025-11-04T21:00:00,Study block,Study,Home/Library,4,U004_STUDY,
E00702,U004,2025-11-05 09:00:00,2025-11-05T13:00:00,Classes / work block,Study,College/Office,5,U004_CLASSES,
E00703,U004,2025-11-05 18:00:00,2025-11-05T21:00:00,Study block,Study,Home/Library,4,U004_STUDY,
E00704,U004,2025-11-06 09:00:00,2025-11-06T13:00:00,Classes / work block,Study,College/Office,5,U004_CLASSES,
E00705,U004,2025-11-06 18:00:00,2025-11-06T21:00:00,Study block,Study,Home/Library,4,U004_STUDY,
E00706,U004,2025-11-07 09:00:00,2025-11-07T13:00:00,Classes / work block,Study,College/Office,5,U004_CLASSES,
E00707,U004,2025-11-07 18:00:00,2025-11-07T21:00:00,Study block,Study,Home/Library,4,U004_STUDY,
E00708,U004,2025-11-08 08:00:00,2025-11-08T09:00:00,Walk / gym session,Wellness,Gym/Outdoor,3,U004_WALK,
E00709,U004,2025-11-10 09:00:00,2025-11-10T13:00:00,Classes / work block,Study,College/Office,5,U004_CLASSES,
E00710,U004,2025-11-10 18:00:00,2025-11-10T21:00:00,Study block,Study,Home/Library,4,U004_STUDY,
E00711,U004,2025-11-11 09:00:00,2025-11-11T13:00:00,Classes / work block,Study,College/Office,5,U004_CLASSES,
E00712,U004,2025-11-11 18:00:00,2025-11-11T21:00:00,Study block,Study,Home/Library,4,U004_STUDY,
E00713,U004,2025-11-12 09:00:00,2025-11-12T13:00:00,Classes / work block,Study,College/Office,5,U004_CLASSES,
E00714,U004,2025-11-12 18:00:00,2025-11-12T21:00:00,Study block,Study,Home/Library,4,U004_STUDY,
E00715,U004,2025-11-13 09:00:00,2025-11-13T13:00:00,Classes / work block,Study,College/Office,5,U004_CLASSES,
E00716,U004,2025-11-13 18:00:00,2025-11-13T21:00:00,Study block,Study,Home/Library,4,U004_STUDY,
E00717,U004,2025-11-14 09:00:00,2025-11-14T13:00:00,Classes / work block,Study,College/Office,5,U004_CLASSES,
E00718,U004,2025-11-14 18:00:00,2025-11-14T21:00:00,Study block,Study,Home/Library,4,U004_STUDY,
E00719,U004,2025-11-15 08:00:00,2025-11-15T09:00:00,Walk / gym session,Wellness,Gym/Outdoor,3,U004_WALK,
E00720,U004,2025-11-17 09:00:00,2025-11-17T13:00:00,Classes / work block,Study,College/Office,5,U004_CLASSES,
E00721,U004,2025-11-17 18:00:00,2025-11-17T21:00:00,Study block,Study,Home/Library,4,U004_STUDY,
E00722,U004,2025-11-18 09:00:00,2025-11-18T13:00:00,Classes / work block,Study,College/Office,5,U004_CLASSES,
E00723,U004,2025-11-18 18:00:00,2025-11-18T21:00:00,Study block,Study,Home/Library,4,U004_STUDY,
E00724,U004,2025-11-19 09:00:00,2025-11-19T13:00:00,Classes / work block,Study,College/Office,5,U004_CLASSES,
E00725,U004,2025-11-19 18:00:00,2025-11-19T21:00:00,Study block,Study,Home/Library,4,U004_STUDY,
E00726,U004,2025-11-20 09:00:00,2025-11-20T13:00:00,Classes / work block,Study,College/Office,5,U004_CLASSES,
E00727,U004,2025-11-20 18:00:00,2025-11-20T21:00:00,Study block,Study,Home/Library,4,U004_STUDY,
E00728,U004,2025-11-21 09:00:00,2025-11-21T13:00:00,Classes / work block,Study,College/Office,5,U004_CLASSES,
E00729,U004,2025-11-21 18:00:00,2025-11-21T21:00:00,Study block,Study,Home/Library,4,U004_STUDY,
E00730,U004,2025-11-22 08:00:00,2025-11-22T09:00:00,Walk / gym session,Wellness,Gym/Outdoor,3,U004_WALK,
E00731,U004,2025-11-24 09:00:00,2025-11-24T13:00:00,Classes / work block,Study,College/Office,5,U004_CLASSES,
E00732,U004,2025-11-24 18:00:00,2025-11-24T21:00:00,Study block,Study,Home/Library,4,U004_STUDY,
E00733,U004,2025-11-25 09:00:00,2025-11-25T13:00:00,Classes / work block,Study,College/Office,5,U004_CLASSES,
E00734,U004,2025-11-25 18:00:00,2025-11-25T21:00:00,Study block,Study,Home/Library,4,U004_STUDY,
E00735,U004,2025-11-26 09:00:00,2025-11-26T13:00:00,Classes / work block,Study,College/Office,5,U004_CLASSES,
E00736,U004,2025-11-26 18:00:00,2025-11-26T21:00:00,Study block,Study,Home/Library,4,U004_STUDY,
E00737,U004,2025-11-27 09:00:00,2025-11-27T13:00:00,Classes / work block,Study,College/Office,5,U004_CLASSES,
E00738,U004,2025-11-27 18:00:00,2025-11-27T21:00:00,Study block,Study,Home/Library,4,U004_STUDY,
E00739,U004,2025-11-28 09:00:00,2025-11-28T13:00:00,Classes / work block,Study,College/Office,5,U004_CLASSES,
E00740,U004,2025-11-28 18:00:00,2025-11-28T21:00:00,Study block,Study,Home/Library,4,U004_STUDY,
E00741,U004,2025-11-29 08:00:00,2025-11-29T09:00:00,Walk / gym session,Wellness,Gym/Outdoor,3,U004_WALK,
E00742,U004,2025-12-01 09:00:00,2025-12-01T13:00:00,Classes / work block,Study,College/Office,5,U004_CLASSES,
E00743,U004,2025-12-01 18:00:00,2025-12-01T21:00:00,Study block,Study,Home/Library,4,U004_STUDY,
E00744,U004,2025-12-02 09:00:00,2025-12-02T13:00:00,Classes / work block,Study,College/Office,5,U004_CLASSES,
E00745,U004,2025-12-02 18:00:00,2025-12-02T21:00:00,Study block,Study,Home/Library,4,U004_STUDY,
E00746,U004,2025-12-03 09:00:00,2025-12-03T13:00:00,Classes / work block,Study,College/Office,5,U004_CLASSES,
E00747,U004,2025-12-03 18:00:00,2025-12-03T21:00:00,Study block,Study,Home/Library,4,U004_STUDY,
E00748,U004,2025-12-04 09:00:00,2025-12-04T13:00:00,Classes / work block,Study,College/Office,5,U004_CLASSES,
E00749,U004,2025-12-04 18:00:00,2025-12-04T21:00:00,Study block,Study,Home/Library,4,U004_STUDY,
E00750,U004,2025-12-05 09:00:00,2025-12-05T13:00:00,Classes / work block,Study,College/Office,5,U004_CLASSES,
E00751,U004,2025-12-05 18:00:00,2025-12-05T21:00:00,Study block,Study,Home/Library,4,U004_STUDY,
E00752,U004,2025-12-06 08:00:00,2025-12-06T09:00:00,Walk / gym session,Wellness,Gym/Outdoor,3,U004_WALK,
E00753,U004,2025-12-08 09:00:00,2025-12-08T13:00:00,Classes / work block,Study,College/Office,5,U004_CLASSES,
E00754,U004,2025-12-08 18:00:00,2025-12-08T21:00:00,Study block,Study,Home/Library,4,U004_STUDY,
E00755,U004,2025-12-09 09:00:00,2025-12-09T13:00:00,Classes / work block,Study,College/Office,5,U004_CLASSES,
E00756,U004,2025-12-09 18:00:00,2025-12-09T21:00:00,Study block,Study,Home/Library,4,U004_STUDY,
E00757,U004,2025-12-10 09:00:00,2025-12-10T13:00:00,Classes / work block,Study,College/Office,5,U004_CLASSES,
E00758,U004,2025-12-10 18:00:00,2025-12-10T21:00:00,Study block,Study,Home/Library,4,U004_STUDY,
E00759,U004,2025-12-11 09:00:00,2025-12-11T13:00:00,Classes / work block,Study,College/Office,5,U004_CLASSES,
E00760,U004,2025-12-11 18:00:00,2025-12-11T21:00:00,Study block,Study,Home/Library,4,U004_STUDY,
E00761,U004,2025-12-12 09:00:00,2025-12-12T13:00:00,Classes / work block,Study,College/Office,5,U004_CLASSES,
E00762,U004,2025-12-12 18:00:00,2025-12-12T21:00:00,Study block,Study,Home/Library,4,U004_STUDY,
E00763,U004,2025-12-13 08:00:00,2025-12-13T09:00:00,Walk / gym session,Wellness,Gym/Outdoor,3,U004_WALK,
E00764,U004,2025-12-15 09:00:00,2025-12-15T13:00:00,Classes / work block,Study,College/Office,5,U004_CLASSES,
E00765,U004,2025-12-15 18:00:00,2025-12-15T21:00:00,Study block,Study,Home/Library,4,U004_STUDY,
E00766,U004,2025-12-16 09:00:00,2025-12-16T13:00:00,Classes / work block,Study,College/Office,5,U004_CLASSES,
E00767,U004,2025-12-16 18:00:00,2025-12-16T21:00:00,Study block,Study,Home/Library,4,U004_STUDY,
E00768,U004,2025-12-17 09:00:00,2025-12-17T13:00:00,Classes / work block,Study,College/Office,5,U004_CLASSES,
E00769,U004,2025-12-17 18:00:00,2025-12-17T21:00:00,Study block,Study,Home/Library,4,U004_STUDY,
E00770,U004,2025-12-18 09:00:00,2025-12-18T13:00:00,Classes / work block,Study,College/Office,5,U004_CLASSES,
E00771,U004,2025-12-18 18:00:00,2025-12-18T21:00:00,Study block,Study,Home/Library,4,U004_STUDY,
E00772,U004,2025-12-19 09:00:00,2025-12-19T13:00:00,Classes / work block,Study,College/Office,5,U004_CLASSES,
E00773,U004,2025-12-19 18:00:00,2025-12-19T21:00:00,Study block,Study,Home/Library,4,U004_STUDY,
E00774,U004,2025-12-20 08:00:00,2025-12-20T09:00:00,Walk / gym session,Wellness,Gym/Outdoor,3,U004_WALK,
E00775,U004,2025-12-22 09:00:00,2025-12-22T13:00:00,Classes / work block,Study,College/Office,5,U004_CLASSES,
E00776,U004,2025-12-22 18:00:00,2025-12-22T21:00:00,Study block,Study,Home/Library,4,U004_STUDY,
E00777,U004,2025-12-23 09:00:00,2025-12-23T13:00:00,Classes / work block,Study,College/Office,5,U004_CLASSES,
E00778,U004,2025-12-23 18:00:00,2025-12-23T21:00:00,Study block,Study,Home/Library,4,U004_STUDY,
E00779,U004,2025-12-24 09:00:00,2025-12-24T13:00:00,Classes / work block,Study,College/Office,5,U004_CLASSES,
E00780,U004,2025-12-24 18:00:00,2025-12-24T21:00:00,Study block,Study,Home/Library,4,U004_STUDY,
E00781,U004,2025-12-25 09:00:00,2025-12-25T13:00:00,Classes / work block,Study,College/Office,5,U004_CLASSES,
E00782,U004,2025-12-25 18:00:00,2025-12-25T21:00:00,Study block,Study,Home/Library,4,U004_STUDY,
E00783,U004,2025-12-26 09:00:00,2025-12-26T13:00:00,Classes / work block,Study,College/Office,5,U004_CLASSES,
E00784,U004,2025-12-26 18:00:00,2025-12-26T21:00:00,Study block,Study,Home/Library,4,U004_STUDY,
E00785,U004,2025-12-27 08:00:00,2025-12-27T09:00:00,Walk / gym session,Wellness,Gym/Outdoor,3,U004_WALK,
E00786,U004,2025-12-29 09:00:00,2025-12-29T13:00:00,Classes / work block,Study,College/Office,5,U004_CLASSES,
E00787,U004,2025-12-29 18:00:00,2025-12-29T21:00:00,Study block,Study,Home/Library,4,U004_STUDY,
E00788,U004,2025-12-30 09:00:00,2025-12-30T13:00:00,Classes / work block,Study,College/Office,5,U004_CLASSES,
E00789,U004,2025-12-30 18:00:00,2025-12-30T21:00:00,Study block,Study,Home/Library,4,U004_STUDY,
E00790,U004,2025-12-31 09:00:00,2025-12-31T13:00:00,Classes / work block,Study,College/Office,5,U004_CLASSES,
E00791,U004,2025-12-31 18:00:00,2025-12-31T21:00:00,Study block,Study,Home/Library,4,U004_STUDY,
E00792,U004,2026-01-01 09:00:00,2026-01-01T13:00:00,Classes / work block,Study,College/Office,5,U004_CLASSES,
E00793,U004,2026-01-01 18:00:00,2026-01-01T21:00:00,Study block,Study,Home/Library,4,U004_STUDY,
E00794,U004,2026-01-02 09:00:00,2026-01-02T13:00:00,Classes / work block,Study,College/Office,5,U004_CLASSES,
E00795,U004,2026-01-02 18:00:00,2026-01-02T21:00:00,Study block,Study,Home/Library,4,U004_STUDY,
E00796,U004,2026-01-03 08:00:00,2026-01-03T09:00:00,Walk / gym session,Wellness,Gym/Outdoor,3,U004_WALK,
E00797,U004,2026-01-05 09:00:00,2026-01-05T13:00:00,Classes / work block,Study,College/Office,5,U004_CLASSES,
E00798,U004,2026-01-05 18:00:00,2026-01-05T21:00:00,Study block,Study,Home/Library,4,U004_STUDY,
E00799,U004,2026-01-06 09:00:00,2026-01-06T13:00:00,Classes / work block,Study,College/Office,5,U004_CLASSES,
E00800,U004,2026-01-06 18:00:00,2026-01-06T21:00:00,Study block,Study,Home/Library,4,U004_STUDY,
E00801,U004,2026-01-07 09:00:00,2026-01-07T13:00:00,Classes / work block,Study,College/Office,5,U004_CLASSES,
E00802,U004,2026-01-07 18:00:00,2026-01-07T21:00:00,Study block,Study,Home/Library,4,U004_STUDY,
E00803,U004,2026-01-08 09:00:00,2026-01-08T13:00:00,Classes / work block,Study,College/Office,5,U004_CLASSES,
E00804,U004,2026-01-08 18:00:00,2026-01-08T21:00:00,Study block,Study,Home/Library,4,U004_STUDY,
E00805,U004,2026-01-09 09:00:00,2026-01-09T13:00:00,Classes / work block,Study,College/Office,5,U004_CLASSES,
E00806,U004,2026-01-09 18:00:00,2026-01-09T21:00:00,Study block,Study,Home/Library,4,U004_STUDY,
E00807,U004,2026-01-10 08:00:00,2026-01-10T09:00:00,Walk / gym session,Wellness,Gym/Outdoor,3,U004_WALK,
E00808,U004,2026-01-12 09:00:00,2026-01-12T13:00:00,Classes / work block,Study,College/Office,5,U004_CLASSES,
E00809,U004,2026-01-12 18:00:00,2026-01-12T21:00:00,Study block,Study,Home/Library,4,U004_STUDY,
E00810,U004,2026-01-13 09:00:00,2026-01-13T13:00:00,Classes / work block,Study,College/Office,5,U004_CLASSES,
E00811,U004,2026-01-13 18:00:00,2026-01-13T21:00:00,Study block,Study,Home/Library,4,U004_STUDY,
E00812,U004,2026-01-14 09:00:00,2026-01-14T13:00:00,Classes / work block,Study,College/Office,5,U004_CLASSES,
E00813,U004,2026-01-14 18:00:00,2026-01-14T21:00:00,Study block,Study,Home/Library,4,U004_STUDY,
E00814,U004,2026-01-15 09:00:00,2026-01-15T13:00:00,Classes / work block,Study,College/Office,5,U004_CLASSES,
E00815,U004,2026-01-15 18:00:00,2026-01-15T21:00:00,Study block,Study,Home/Library,4,U004_STUDY,
E00816,U004,2026-01-16 09:00:00,2026-01-16T13:00:00,Classes / work block,Study,College/Office,5,U004_CLASSES,
E00817,U004,2026-01-16 18:00:00,2026-01-16T21:00:00,Study block,Study,Home/Library,4,U004_STUDY,
E00818,U004,2026-01-17 08:00:00,2026-01-17T09:00:00,Walk / gym session,Wellness,Gym/Outdoor,3,U004_WALK,
E00819,U004,2026-01-19 09:00:00,2026-01-19T13:00:00,Classes / work block,Study,College/Office,5,U004_CLASSES,
E00820,U004,2026-01-19 18:00:00,2026-01-19T21:00:00,Study block,Study,Home/Library,4,U004_STUDY,
E00821,U004,2026-01-20 09:00:00,2026-01-20T13:00:00,Classes / work block,Study,College/Office,5,U004_CLASSES,
E00822,U004,2026-01-20 18:00:00,2026-01-20T21:00:00,Study block,Study,Home/Library,4,U004_STUDY,
E00823,U004,2026-01-21 09:00:00,2026-01-21T13:00:00,Classes / work block,Study,College/Office,5,U004_CLASSES,
E00824,U004,2026-01-21 18:00:00,2026-01-21T21:00:00,Study block,Study,Home/Library,4,U004_STUDY,
E00825,U004,2026-01-22 09:00:00,2026-01-22T13:00:00,Classes / work block,Study,College/Office,5,U004_CLASSES,
E00826,U004,2026-01-22 18:00:00,2026-01-22T21:00:00,Study block,Study,Home/Library,4,U004_STUDY,
E00827,U004,2026-01-23 09:00:00,2026-01-23T13:00:00,Classes / work block,Study,College/Office,5,U004_CLASSES,
E00828,U004,2026-01-23 18:00:00,2026-01-23T21:00:00,Study block,Study,Home/Library,4,U004_STUDY,
E00829,U004,2026-01-24 08:00:00,2026-01-24T09:00:00,Walk / gym session,Wellness,Gym/Outdoor,3,U004_WALK,
E00830,U004,2026-01-26 09:00:00,2026-01-26T13:00:00,Classes / work block,Study,College/Office,5,U004_CLASSES,
E00831,U004,2026-01-26 18:00:00,2026-01-26T21:00:00,Study block,Study,Home/Library,4,U004_STUDY,
E00832,U004,2026-01-27 09:00:00,2026-01-27T13:00:00,Classes / work block,Study,College/Office,5,U004_CLASSES,
E00833,U004,2026-01-27 18:00:00,2026-01-27T21:00:00,Study block,Study,Home/Library,4,U004_STUDY,
E00834,U004,2026-01-28 09:00:00,2026-01-28T13:00:00,Classes / work block,Study,College/Office,5,U004_CLASSES,
E00835,U004,2026-01-28 18:00:00,2026-01-28T21:00:00,Study block,Study,Home/Library,4,U004_STUDY,
E00836,U004,2026-01-29 09:00:00,2026-01-29T13:00:00,Classes / work block,Study,College/Office,5,U004_CLASSES,
E00837,U004,2026-01-29 18:00:00,2026-01-29T21:00:00,Study block,Study,Home/Library,4,U004_STUDY,
E00838,U004,2026-01-30 09:00:00,2026-01-30T13:00:00,Classes / work block,Study,College/Office,5,U004_CLASSES,
E00839,U004,2026-01-30 18:00:00,2026-01-30T21:00:00,Study block,Study,Home/Library,4,U004_STUDY,
E00840,U004,2026-01-31 08:00:00,2026-01-31T09:00:00,Walk / gym session,Wellness,Gym/Outdoor,3,U004_WALK,
E00841,U004,2026-02-02 09:00:00,2026-02-02T13:00:00,Classes / work block,Study,College/Office,5,U004_CLASSES,
E00842,U004,2026-02-02 18:00:00,2026-02-02T21:00:00,Study block,Study,Home/Library,4,U004_STUDY,
E00843,U004,2026-02-03 09:00:00,2026-02-03T13:00:00,Classes / work block,Study,College/Office,5,U004_CLASSES,
E00844,U004,2026-02-03 18:00:00,2026-02-03T21:00:00,Study block,Study,Home/Library,4,U004_STUDY,
E00845,U004,2026-02-04 09:00:00,2026-02-04T13:00:00,Classes / work block,Study,College/Office,5,U004_CLASSES,
E00846,U004,2026-02-04 18:00:00,2026-02-04T21:00:00,Study block,Study,Home/Library,4,U004_STUDY,
E00847,U004,2026-02-05 09:00:00,2026-02-05T13:00:00,Classes / work block,Study,College/Office,5,U004_CLASSES,
E00848,U004,2026-02-05 18:00:00,2026-02-05T21:00:00,Study block,Study,Home/Library,4,U004_STUDY,
E00849,U004,2026-02-06 09:00:00,2026-02-06T13:00:00,Classes / work block,Study,College/Office,5,U004_CLASSES,
E00850,U004,2026-02-06 18:00:00,2026-02-06T21:00:00,Study block,Study,Home/Library,4,U004_STUDY,
E00851,U004,2026-02-07 08:00:00,2026-02-07T09:00:00,Walk / gym session,Wellness,Gym/Outdoor,3,U004_WALK,
E00852,U004,2026-02-09 09:00:00,2026-02-09T13:00:00,Classes / work block,Study,College/Office,5,U004_CLASSES,
E00853,U004,2026-02-09 18:00:00,2026-02-09T21:00:00,Study block,Study,Home/Library,4,U004_STUDY,
E00854,U004,2026-02-10 09:00:00,2026-02-10T13:00:00,Classes / work block,Study,College/Office,5,U004_CLASSES,
E00855,U004,2026-02-10 18:00:00,2026-02-10T21:00:00,Study block,Study,Home/Library,4,U004_STUDY,
E00856,U004,2026-02-11 09:00:00,2026-02-11T13:00:00,Classes / work block,Study,College/Office,5,U004_CLASSES,
E00857,U004,2026-02-11 18:00:00,2026-02-11T21:00:00,Study block,Study,Home/Library,4,U004_STUDY,
E00858,U004,2026-02-12 09:00:00,2026-02-12T13:00:00,Classes / work block,Study,College/Office,5,U004_CLASSES,
E00859,U004,2026-02-12 18:00:00,2026-02-12T21:00:00,Study block,Study,Home/Library,4,U004_STUDY,
E00860,U004,2026-02-13 09:00:00,2026-02-13T13:00:00,Classes / work block,Study,College/Office,5,U004_CLASSES,
E00861,U004,2026-02-13 18:00:00,2026-02-13T21:00:00,Study block,Study,Home/Library,4,U004_STUDY,
E00862,U004,2026-02-14 08:00:00,2026-02-14T09:00:00,Walk / gym session,Wellness,Gym/Outdoor,3,U004_WALK,
E00863,U004,2026-02-16 09:00:00,2026-02-16T13:00:00,Classes / work block,Study,College/Office,5,U004_CLASSES,
E00864,U004,2026-02-16 18:00:00,2026-02-16T21:00:00,Study block,Study,Home/Library,4,U004_STUDY,
E00865,U004,2026-02-17 09:00:00,2026-02-17T13:00:00,Classes / work block,Study,College/Office,5,U004_CLASSES,
E00866,U004,2026-02-17 18:00:00,2026-02-17T21:00:00,Study block,Study,Home/Library,4,U004_STUDY,
E00867,U004,2026-02-18 09:00:00,2026-02-18T13:00:00,Classes / work block,Study,College/Office,5,U004_CLASSES,
E00868,U004,2026-02-18 18:00:00,2026-02-18T21:00:00,Study block,Study,Home/Library,4,U004_STUDY,
E00869,U004,2026-02-19 09:00:00,2026-02-19T13:00:00,Classes / work block,Study,College/Office,5,U004_CLASSES,
E00870,U004,2026-02-19 18:00:00,2026-02-19T21:00:00,Study block,Study,Home/Library,4,U004_STUDY,
E00871,U004,2026-02-20 09:00:00,2026-02-20T13:00:00,Classes / work block,Study,College/Office,5,U004_CLASSES,
E00872,U004,2026-02-20 18:00:00,2026-02-20T21:00:00,Study block,Study,Home/Library,4,U004_STUDY,
E00873,U004,2026-02-21 08:00:00,2026-02-21T09:00:00,Walk / gym session,Wellness,Gym/Outdoor,3,U004_WALK,
E00874,U004,2025-11-22 10:00:00,2025-11-22T12:00:00,Exam,Study,Campus,5,,Sleep early; light breakfast.
E00875,U004,2025-11-24 10:00:00,2025-11-24T12:00:00,Exam,Study,Campus,5,,Sleep early; light breakfast.
E00876,U004,2025-11-26 10:00:00,2025-11-26T12:00:00,Exam,Study,Campus,5,,Sleep early; light breakfast.
E00877,U004,2025-11-28 10:00:00,2025-11-28T12:00:00,Exam,Study,Campus,5,,Sleep early; light breakfast.
E00878,U004,2025-11-30 10:00:00,2025-11-30T12:00:00,Exam,Study,Campus,5,,Sleep early; light breakfast.
E00879,U004,2025-12-02 10:00:00,2025-12-02T12:00:00,Exam,Study,Campus,5,,Sleep early; light breakfast.
E00880,U004,2025-12-04 10:00:00,2025-12-04T12:00:00,Exam,Study,Campus,5,,Sleep early; light breakfast.
E00881,U004,2026-02-03 11:00:00,2026-02-03T12:00:00,Interview / placement call,Career,Online,5,,Prepare answers; Nadiaura mock interview before.
E00882,U004,2026-02-07 11:00:00,2026-02-07T12:00:00,Interview / placement call,Career,Online,5,,Prepare answers; Nadiaura mock interview before.
E00883,U004,2026-02-18 11:00:00,2026-02-18T12:00:00,Interview / placement call,Career,Online,5,,Prepare answers; Nadiaura mock interview before.
E00884,U004,2025-10-19 17:00:00,2025-10-19T17:45:00,Counselor session,Health,Campus counseling,4,,Discuss bullying + confidence plan.
E00885,U001,2025-09-15 10:00:00,2025-09-15 10:30:00,Credit card payment due,Finance,,4,U001_CC_DUE,Statement ₹3003.12; Min due ₹200.00
E00886,U001,2025-10-15 10:00:00,2025-10-15 10:30:00,Credit card payment due,Finance,,4,U001_CC_DUE,Statement ₹9218.22; Min due ₹460.91
E00887,U001,2025-11-15 10:00:00,2025-11-15 10:30:00,Credit card payment due,Finance,,4,U001_CC_DUE,Statement ₹14153.53; Min due ₹707.68
E00888,U001,2025-12-15 10:00:00,2025-12-15 10:30:00,Credit card payment due,Finance,,4,U001_CC_DUE,Statement ₹7456.27; Min due ₹372.81
E00889,U001,2026-01-15 10:00:00,2026-01-15 10:30:00,Credit card payment due,Finance,,4,U001_CC_DUE,Statement ₹22850.82; Min due ₹1142.54
E00890,U001,2026-02-15 10:00:00,2026-02-15 10:30:00,Credit card payment due,Finance,,4,U001_CC_DUE,Statement ₹24295.23; Min due ₹1214.76
E00891,U002,2025-09-15 10:00:00,2025-09-15 10:30:00,Credit card payment due,Finance,,3,U002_CC_DUE,Statement ₹927.13; Min due ₹200.00
E00892,U002,2025-10-15 10:00:00,2025-10-15 10:30:00,Credit card payment due,Finance,,3,U002_CC_DUE,Statement ₹709.84; Min due ₹200.00
E00893,U002,2025-11-15 10:00:00,2025-11-15 10:30:00,Credit card payment due,Finance,,3,U002_CC_DUE,Statement ₹986.87; Min due ₹200.00
E00894,U002,2025-12-15 10:00:00,2025-12-15 10:30:00,Credit card payment due,Finance,,3,U002_CC_DUE,Statement ₹329.69; Min due ₹200.00
E00895,U002,2026-01-15 10:00:00,2026-01-15 10:30:00,Credit card payment due,Finance,,3,U002_CC_DUE,Statement ₹841.98; Min due ₹200.00
E00896,U002,2026-02-15 10:00:00,2026-02-15 10:30:00,Credit card payment due,Finance,,3,U002_CC_DUE,Statement ₹1963.62; Min due ₹200.00
E00897,U003,2025-09-15 10:00:00,2025-09-15 10:30:00,Credit card payment due,Finance,,5,U003_CC_DUE,Statement ₹6099.21; Min due ₹304.96
E00898,U003,2025-10-15 10:00:00,2025-10-15 10:30:00,Credit card payment due,Finance,,5,U003_CC_DUE,Statement ₹252390.91; Min due ₹12619.55
E00899,U003,2025-11-15 10:00:00,2025-11-15 10:30:00,Credit card payment due,Finance,,5,U003_CC_DUE,Statement ₹15051.28; Min due ₹752.56
E00900,U003,2025-12-15 10:00:00,2025-12-15 10:30:00,Credit card payment due,Finance,,5,U003_CC_DUE,Statement ₹14528.67; Min due ₹726.43
E00901,U003,2026-01-15 10:00:00,2026-01-15 10:30:00,Credit card payment due,Finance,,5,U003_CC_DUE,Statement ₹139685.64; Min due ₹6984.28
E00902,U003,2026-02-15 10:00:00,2026-02-15 10:30:00,Credit card payment due,Finance,,5,U003_CC_DUE,Statement ₹74395.07; Min due ₹3719.75
E00903,U004,2025-09-15 10:00:00,2025-09-15 10:30:00,Credit card payment due,Finance,,4,U004_CC_DUE,Statement ₹396.77; Min due ₹200.00
E00904,U004,2025-10-15 10:00:00,2025-10-15 10:30:00,Credit card payment due,Finance,,4,U004_CC_DUE,Statement ₹2897.29; Min due ₹200.00
E00905,U004,2025-11-15 10:00:00,2025-11-15 10:30:00,Credit card payment due,Finance,,4,U004_CC_DUE,Statement ₹1865.33; Min due ₹200.00
E00906,U004,2025-12-15 10:00:00,2025-12-15 10:30:00,Credit card payment due,Finance,,4,U004_CC_DUE,Statement ₹3670.54; Min due ₹200.00
E00907,U004,2026-01-15 10:00:00,2026-01-15 10:30:00,Credit card payment due,Finance,,4,U004_CC_DUE,Statement ₹1660.11; Min due ₹200.00
E00908,U004,2026-02-15 10:00:00,2026-02-15 10:30:00,Credit card payment due,Finance,,4,U004_CC_DUE,Statement ₹2241.61; Min due ₹200.00
